id, class_id, progress_id, grade, year_id, sem
1,1,1,11,1,2
2,1,2,11,1,2
3,1,3,11,1,2
4,1,4,11,1,2
5,1,5,11,1,2
6,1,6,11,1,2
7,1,7,11,1,2
8,1,8,11,1,2
9,4,9,12,2,1
10,4,10,11,1,1
11,4,11,10,2,2
12,4,12,12,2,2
13,4,13,10,1,2
14,4,14,12,2,2
15,4,15,12,1,1
16,4,16,10,2,1
17,4,17,12,1,1
18,4,18,10,1,2
19,4,19,11,2,1
20,4,20,10,1,1
21,4,21,12,1,1
22,4,22,11,1,1
23,4,23,10,1,1
24,4,24,10,1,2
25,4,25,10,1,2
26,4,26,10,1,1
27,4,27,12,1,1
28,4,28,12,2,2
29,4,29,12,2,1
30,4,30,10,2,2
31,4,31,12,2,2
32,4,32,12,1,1
33,4,33,11,2,1
34,4,34,10,1,2
35,4,35,10,2,1
36,4,36,11,1,1
37,4,37,10,2,1
38,4,38,11,1,2
39,2,39,11,1,2
40,2,40,11,1,2
42,2,41,11,1,2
43,3,42,11,1,2
44,6,43,12,1,2
45,6,44,11,1,2
46,6,45,12,1,2
47,6,46,12,1,2
48,6,47,11,1,2
49,6,48,11,1,2
50,6,49,11,1,2
51,6,50,11,1,2
52,6,51,12,1,2
53,6,52,12,1,2
54,6,53,11,1,2
55,6,54,11,1,2
56,6,55,12,1,2
57,6,56,11,1,2
58,6,57,11,1,2
59,6,58,11,1,2
60,6,59,11,1,2
61,6,60,12,1,2
62,6,61,12,1,2
63,6,62,12,1,2
64,6,63,12,1,2
65,6,64,12,1,2
66,6,65,11,1,2
67,6,66,12,1,2
68,6,67,11,1,2
69,6,68,11,1,2
70,6,69,12,1,2
71,6,70,12,1,2
72,6,71,11,1,2
73,6,72,11,1,2
74,3,73,11,1,2
75,4,74,11,1,1
76,7,75,0,1,2
77,7,76,0,1,2
78,7,77,0,1,2
79,7,78,0,1,2
80,7,79,0,1,2
81,7,80,0,1,2
82,7,81,0,1,2
83,11,82,0,1,2
84,12,83,0,1,2
85,83,84,0,1,2
86,122,85,0,1,2
87,11,86,0,1,2
88,12,87,0,1,2
89,27,88,0,1,2
90,33,89,0,1,2
91,11,90,0,1,2
92,27,91,0,1,2
93,124,92,0,1,2
94,184,93,0,1,2
95,11,94,0,1,2
96,12,95,0,1,2
97,101,96,0,1,2
98,128,97,0,1,2
99,11,98,0,1,2
100,66,99,0,1,2
101,128,100,0,1,2
102,11,101,0,1,2
103,99,102,0,1,2
104,153,103,0,1,2
105,158,104,0,1,2
106,11,105,0,1,2
107,84,106,0,1,2
108,147,107,0,1,2
109,188,108,0,1,2
110,11,109,0,1,2
111,12,110,0,1,2
112,81,111,0,1,2
113,111,112,0,1,2
114,11,113,0,1,2
115,13,114,0,1,2
116,84,115,0,1,2
117,94,116,0,1,2
118,11,117,0,1,2
119,14,118,0,1,2
120,31,119,0,1,2
121,11,120,0,1,2
122,110,121,0,1,2
123,119,122,0,1,2
124,11,123,0,1,2
125,66,124,0,1,2
126,88,125,0,1,2
127,11,126,0,1,2
128,188,127,0,1,2
129,192,128,0,1,2
130,11,129,0,1,2
131,12,130,0,1,2
132,32,131,0,1,2
133,84,132,0,1,2
134,11,133,0,1,2
135,23,134,0,1,2
136,86,135,0,1,2
137,171,136,0,1,2
138,11,137,0,1,2
139,12,138,0,1,2
140,54,139,0,1,2
141,105,140,0,1,2
142,11,141,0,1,2
143,125,142,0,1,2
144,161,143,0,1,2
145,168,144,0,1,2
146,11,145,0,1,2
147,12,146,0,1,2
148,159,147,0,1,2
149,11,148,0,1,2
150,56,149,0,1,2
151,11,150,0,1,2
152,108,151,0,1,2
153,110,152,0,1,2
154,155,153,0,1,2
155,11,154,0,1,2
156,12,155,0,1,2
157,88,156,0,1,2
158,94,157,0,1,2
159,11,158,0,1,2
160,117,159,0,1,2
161,126,160,0,1,2
162,165,161,0,1,2
163,11,162,0,1,2
164,33,163,0,1,2
165,83,164,0,1,2
166,123,165,0,1,2
167,11,166,0,1,2
168,12,167,0,1,2
169,33,168,0,1,2
170,12,169,0,1,2
171,129,170,0,1,2
172,166,171,0,1,2
173,171,172,0,1,2
174,12,173,0,1,2
175,86,174,0,1,2
176,128,175,0,1,2
177,171,176,0,1,2
178,12,177,0,1,2
179,78,178,0,1,2
180,105,179,0,1,2
181,109,180,0,1,2
182,12,181,0,1,2
183,127,182,0,1,2
184,12,183,0,1,2
185,101,184,0,1,2
186,166,185,0,1,2
187,12,186,0,1,2
188,54,187,0,1,2
189,110,188,0,1,2
190,192,189,0,1,2
191,12,190,0,1,2
192,32,191,0,1,2
193,171,192,0,1,2
194,12,193,0,1,2
195,128,194,0,1,2
196,12,195,0,1,2
197,19,196,0,1,2
198,53,197,0,1,2
199,105,198,0,1,2
200,12,199,0,1,2
201,86,200,0,1,2
202,94,201,0,1,2
203,171,202,0,1,2
204,12,203,0,1,2
205,166,204,0,1,2
206,12,205,0,1,2
207,129,206,0,1,2
208,166,207,0,1,2
209,171,208,0,1,2
210,12,209,0,1,2
211,127,210,0,1,2
212,166,211,0,1,2
213,12,212,0,1,2
214,28,213,0,1,2
215,84,214,0,1,2
216,119,215,0,1,2
217,12,216,0,1,2
218,88,217,0,1,2
219,108,218,0,1,2
220,110,219,0,1,2
221,12,220,0,1,2
222,86,221,0,1,2
223,127,222,0,1,2
224,186,223,0,1,2
225,12,224,0,1,2
226,115,225,0,1,2
227,129,226,0,1,2
228,186,227,0,1,2
229,12,228,0,1,2
230,32,229,0,1,2
231,88,230,0,1,2
232,108,231,0,1,2
233,12,232,0,1,2
234,54,233,0,1,2
235,87,234,0,1,2
236,128,235,0,1,2
237,12,236,0,1,2
238,32,237,0,1,2
239,127,238,0,1,2
240,12,239,0,1,2
241,19,240,0,1,2
242,27,241,0,1,2
243,28,242,0,1,2
244,12,243,0,1,2
245,87,244,0,1,2
246,88,245,0,1,2
247,128,246,0,1,2
248,12,247,0,1,2
249,32,248,0,1,2
250,87,249,0,1,2
251,88,250,0,1,2
252,12,251,0,1,2
253,60,252,0,1,2
254,127,253,0,1,2
255,12,254,0,1,2
256,94,255,0,1,2
257,105,256,0,1,2
258,127,257,0,1,2
259,12,258,0,1,2
260,12,259,0,1,2
261,86,260,0,1,2
262,128,261,0,1,2
263,171,262,0,1,2
264,12,263,0,1,2
265,86,264,0,1,2
266,94,265,0,1,2
267,127,266,0,1,2
268,12,267,0,1,2
269,105,268,0,1,2
270,166,269,0,1,2
271,171,270,0,1,2
272,12,271,0,1,2
273,28,272,0,1,2
274,105,273,0,1,2
275,108,274,0,1,2
276,12,275,0,1,2
277,54,276,0,1,2
278,108,277,0,1,2
279,110,278,0,1,2
280,12,279,0,1,2
281,128,280,0,1,2
282,171,281,0,1,2
283,12,282,0,1,2
284,129,283,0,1,2
285,186,284,0,1,2
286,12,285,0,1,2
287,34,286,0,1,2
288,105,287,0,1,2
289,112,288,0,1,2
290,12,289,0,1,2
291,84,290,0,1,2
292,88,291,0,1,2
293,110,292,0,1,2
294,12,293,0,1,2
295,87,294,0,1,2
296,129,295,0,1,2
297,186,296,0,1,2
298,12,297,0,1,2
299,128,298,0,1,2
300,171,299,0,1,2
301,12,300,0,1,2
302,189,301,0,1,2
303,197,302,0,1,2
304,12,303,0,1,2
305,94,304,0,1,2
306,129,305,0,1,2
307,171,306,0,1,2
308,12,307,0,1,2
309,28,308,0,1,2
310,108,309,0,1,2
311,119,310,0,1,2
312,12,311,0,1,2
313,88,312,0,1,2
314,105,313,0,1,2
315,108,314,0,1,2
316,12,315,0,1,2
317,28,316,0,1,2
318,88,317,0,1,2
319,192,318,0,1,2
320,12,319,0,1,2
321,129,320,0,1,2
322,166,321,0,1,2
323,171,322,0,1,2
324,12,323,0,1,2
325,101,324,0,1,2
326,110,325,0,1,2
327,12,326,0,1,2
328,78,327,0,1,2
329,105,328,0,1,2
330,122,329,0,1,2
331,12,330,0,1,2
332,87,331,0,1,2
333,129,332,0,1,2
334,186,333,0,1,2
335,12,334,0,1,2
336,94,335,0,1,2
337,105,336,0,1,2
338,122,337,0,1,2
339,13,338,0,1,2
340,31,339,0,1,2
341,78,340,0,1,2
342,121,341,0,1,2
343,14,342,0,1,2
344,122,343,0,1,2
345,14,344,0,1,2
346,122,345,0,1,2
347,158,346,0,1,2
348,14,347,0,1,2
349,125,348,0,1,2
350,161,349,0,1,2
351,184,350,0,1,2
352,15,351,0,1,2
353,107,352,0,1,2
354,153,353,0,1,2
355,15,354,0,1,2
356,41,355,0,1,2
357,132,356,0,1,2
358,15,357,0,1,2
359,155,358,0,1,2
360,164,359,0,1,2
361,168,360,0,1,2
362,15,361,0,1,2
363,35,362,0,1,2
364,77,363,0,1,2
365,134,364,0,1,2
366,15,365,0,1,2
367,84,366,0,1,2
368,121,367,0,1,2
369,16,368,0,1,2
370,43,369,0,1,2
371,98,370,0,1,2
372,138,371,0,1,2
373,16,372,0,1,2
374,30,373,0,1,2
375,90,374,0,1,2
376,175,375,0,1,2
377,16,376,0,1,2
378,39,377,0,1,2
379,42,378,0,1,2
380,138,379,0,1,2
381,16,380,0,1,2
382,133,381,0,1,2
383,176,382,0,1,2
384,193,383,0,1,2
385,16,384,0,1,2
386,70,385,0,1,2
387,174,386,0,1,2
388,193,387,0,1,2
389,16,388,0,1,2
390,69,389,0,1,2
391,133,390,0,1,2
392,150,391,0,1,2
393,16,392,0,1,2
394,69,393,0,1,2
395,140,394,0,1,2
396,149,395,0,1,2
397,16,396,0,1,2
398,30,397,0,1,2
399,42,398,0,1,2
400,68,399,0,1,2
401,16,400,0,1,2
402,174,401,0,1,2
403,16,402,0,1,2
404,41,403,0,1,2
405,68,404,0,1,2
406,137,405,0,1,2
407,16,406,0,1,2
408,25,407,0,1,2
409,41,408,0,1,2
410,102,409,0,1,2
411,16,410,0,1,2
412,97,411,0,1,2
413,140,412,0,1,2
414,193,413,0,1,2
415,16,414,0,1,2
416,133,415,0,1,2
417,176,416,0,1,2
418,193,417,0,1,2
419,16,418,0,1,2
420,140,419,0,1,2
421,150,420,0,1,2
422,173,421,0,1,2
423,16,422,0,1,2
424,30,423,0,1,2
425,90,424,0,1,2
426,175,425,0,1,2
427,16,426,0,1,2
428,41,427,0,1,2
429,70,428,0,1,2
430,132,429,0,1,2
431,16,430,0,1,2
432,41,431,0,1,2
433,68,432,0,1,2
434,96,433,0,1,2
435,17,434,0,1,2
436,30,435,0,1,2
437,42,436,0,1,2
438,67,437,0,1,2
439,17,438,0,1,2
440,43,439,0,1,2
441,98,440,0,1,2
442,172,441,0,1,2
443,17,442,0,1,2
444,98,443,0,1,2
445,140,444,0,1,2
446,194,445,0,1,2
447,17,446,0,1,2
448,38,447,0,1,2
449,45,448,0,1,2
450,137,449,0,1,2
451,17,450,0,1,2
452,38,451,0,1,2
453,70,452,0,1,2
454,139,453,0,1,2
455,17,454,0,1,2
456,40,455,0,1,2
457,95,456,0,1,2
458,140,457,0,1,2
459,17,458,0,1,2
460,43,459,0,1,2
461,71,460,0,1,2
462,151,461,0,1,2
463,17,462,0,1,2
464,39,463,0,1,2
465,42,464,0,1,2
466,136,465,0,1,2
467,17,466,0,1,2
468,36,467,0,1,2
469,41,468,0,1,2
470,172,469,0,1,2
471,17,470,0,1,2
472,40,471,0,1,2
473,98,472,0,1,2
474,140,473,0,1,2
475,17,474,0,1,2
476,70,475,0,1,2
477,95,476,0,1,2
478,172,477,0,1,2
479,17,478,0,1,2
480,43,479,0,1,2
481,71,480,0,1,2
482,98,481,0,1,2
483,17,482,0,1,2
484,38,483,0,1,2
485,69,484,0,1,2
486,140,485,0,1,2
487,17,486,0,1,2
488,39,487,0,1,2
489,89,488,0,1,2
490,175,489,0,1,2
491,17,490,0,1,2
492,43,491,0,1,2
493,67,492,0,1,2
494,98,493,0,1,2
495,17,494,0,1,2
496,39,495,0,1,2
497,67,496,0,1,2
498,140,497,0,1,2
499,17,498,0,1,2
500,40,499,0,1,2
501,140,500,0,1,2
502,193,501,0,1,2
503,17,502,0,1,2
504,89,503,0,1,2
505,139,504,0,1,2
506,175,505,0,1,2
507,17,506,0,1,2
508,29,507,0,1,2
509,96,508,0,1,2
510,139,509,0,1,2
511,17,510,0,1,2
512,25,511,0,1,2
513,41,512,0,1,2
514,67,513,0,1,2
515,17,514,0,1,2
516,36,515,0,1,2
517,40,516,0,1,2
518,69,517,0,1,2
519,18,518,0,1,2
520,67,519,0,1,2
521,138,520,0,1,2
522,18,521,0,1,2
523,38,522,0,1,2
524,68,523,0,1,2
525,137,524,0,1,2
526,18,525,0,1,2
527,42,526,0,1,2
528,89,527,0,1,2
529,174,528,0,1,2
530,18,529,0,1,2
531,38,530,0,1,2
532,97,531,0,1,2
533,140,532,0,1,2
534,18,533,0,1,2
535,133,534,0,1,2
536,176,535,0,1,2
537,194,536,0,1,2
538,18,537,0,1,2
539,25,538,0,1,2
540,71,539,0,1,2
541,176,540,0,1,2
542,18,541,0,1,2
543,70,542,0,1,2
544,89,543,0,1,2
545,150,544,0,1,2
546,18,545,0,1,2
547,38,546,0,1,2
548,70,547,0,1,2
549,90,548,0,1,2
550,18,549,0,1,2
551,90,550,0,1,2
552,140,551,0,1,2
553,172,552,0,1,2
554,18,553,0,1,2
555,96,554,0,1,2
556,138,555,0,1,2
557,172,556,0,1,2
558,18,557,0,1,2
559,67,558,0,1,2
560,90,559,0,1,2
561,175,560,0,1,2
562,18,561,0,1,2
563,43,562,0,1,2
564,176,563,0,1,2
565,194,564,0,1,2
566,18,565,0,1,2
567,133,566,0,1,2
568,176,567,0,1,2
569,194,568,0,1,2
570,18,569,0,1,2
571,43,570,0,1,2
572,176,571,0,1,2
573,194,572,0,1,2
574,18,573,0,1,2
575,133,574,0,1,2
576,176,575,0,1,2
577,194,576,0,1,2
578,18,577,0,1,2
579,140,578,0,1,2
580,150,579,0,1,2
581,172,580,0,1,2
582,18,581,0,1,2
583,29,582,0,1,2
584,43,583,0,1,2
585,176,584,0,1,2
586,18,585,0,1,2
587,40,586,0,1,2
588,68,587,0,1,2
589,96,588,0,1,2
590,18,589,0,1,2
591,96,590,0,1,2
592,136,591,0,1,2
593,174,592,0,1,2
594,18,593,0,1,2
595,37,594,0,1,2
596,43,595,0,1,2
597,71,596,0,1,2
598,18,597,0,1,2
599,43,598,0,1,2
600,104,599,0,1,2
601,132,600,0,1,2
602,19,601,0,1,2
603,23,602,0,1,2
604,163,603,0,1,2
605,192,604,0,1,2
606,19,605,0,1,2
607,127,606,0,1,2
608,167,607,0,1,2
609,186,608,0,1,2
610,19,609,0,1,2
611,53,610,0,1,2
612,112,611,0,1,2
613,123,612,0,1,2
614,19,613,0,1,2
615,23,614,0,1,2
616,28,615,0,1,2
617,19,616,0,1,2
618,81,617,0,1,2
619,123,618,0,1,2
620,190,619,0,1,2
621,19,620,0,1,2
622,87,621,0,1,2
623,168,622,0,1,2
624,184,623,0,1,2
625,19,624,0,1,2
626,81,625,0,1,2
627,100,626,0,1,2
628,126,627,0,1,2
629,19,628,0,1,2
630,148,629,0,1,2
631,19,630,0,1,2
632,24,631,0,1,2
633,77,632,0,1,2
634,121,633,0,1,2
635,19,634,0,1,2
636,113,635,0,1,2
637,123,636,0,1,2
638,163,637,0,1,2
639,19,638,0,1,2
640,77,639,0,1,2
641,100,640,0,1,2
642,121,641,0,1,2
643,19,642,0,1,2
644,20,643,0,1,2
645,107,644,0,1,2
646,183,645,0,1,2
647,19,646,0,1,2
648,32,647,0,1,2
649,79,648,0,1,2
650,192,649,0,1,2
651,19,650,0,1,2
652,33,651,0,1,2
653,157,652,0,1,2
654,192,653,0,1,2
655,19,654,0,1,2
656,84,655,0,1,2
657,110,656,0,1,2
658,117,657,0,1,2
659,19,658,0,1,2
660,164,659,0,1,2
661,169,660,0,1,2
662,190,661,0,1,2
663,19,662,0,1,2
664,112,663,0,1,2
665,164,664,0,1,2
666,169,665,0,1,2
667,19,666,0,1,2
668,33,667,0,1,2
669,55,668,0,1,2
670,113,669,0,1,2
671,19,670,0,1,2
672,110,671,0,1,2
673,113,672,0,1,2
674,123,673,0,1,2
675,19,674,0,1,2
676,23,675,0,1,2
677,53,676,0,1,2
678,163,677,0,1,2
679,19,678,0,1,2
680,28,679,0,1,2
681,79,680,0,1,2
682,131,681,0,1,2
683,20,682,0,1,2
684,125,683,0,1,2
685,184,684,0,1,2
686,20,685,0,1,2
687,73,686,0,1,2
688,178,687,0,1,2
689,20,688,0,1,2
690,124,689,0,1,2
691,6,690,0,1,2
692,192,691,0,1,2
693,20,692,0,1,2
694,83,693,0,1,2
695,158,694,0,1,2
696,164,695,0,1,2
697,20,696,0,1,2
698,113,697,0,1,2
699,123,698,0,1,2
700,189,699,0,1,2
701,20,700,0,1,2
702,31,701,0,1,2
703,144,702,0,1,2
704,20,703,0,1,2
705,103,704,0,1,2
706,142,705,0,1,2
707,20,706,0,1,2
708,115,707,0,1,2
709,169,708,0,1,2
710,185,709,0,1,2
711,20,710,0,1,2
712,47,711,0,1,2
713,144,712,0,1,2
714,180,713,0,1,2
715,20,714,0,1,2
716,72,715,0,1,2
717,102,716,0,1,2
718,20,717,0,1,2
719,52,718,0,1,2
720,73,719,0,1,2
721,141,720,0,1,2
722,20,721,0,1,2
723,25,722,0,1,2
724,44,723,0,1,2
725,135,724,0,1,2
726,20,725,0,1,2
727,142,726,0,1,2
728,177,727,0,1,2
729,187,728,0,1,2
730,20,729,0,1,2
731,47,730,0,1,2
732,52,731,0,1,2
733,141,732,0,1,2
734,20,733,0,1,2
735,142,734,0,1,2
736,146,735,0,1,2
737,20,736,0,1,2
738,141,737,0,1,2
739,154,738,0,1,2
740,178,739,0,1,2
741,20,740,0,1,2
742,53,741,0,1,2
743,79,742,0,1,2
744,111,743,0,1,2
745,20,744,0,1,2
746,111,745,0,1,2
747,113,746,0,1,2
748,188,747,0,1,2
749,20,748,0,1,2
750,53,749,0,1,2
751,123,750,0,1,2
752,156,751,0,1,2
753,20,752,0,1,2
754,81,753,0,1,2
755,169,754,0,1,2
756,185,755,0,1,2
757,20,756,0,1,2
758,75,757,0,1,2
759,122,758,0,1,2
760,177,759,0,1,2
761,20,760,0,1,2
762,51,761,0,1,2
763,75,762,0,1,2
764,142,763,0,1,2
765,20,764,0,1,2
766,73,765,0,1,2
767,141,766,0,1,2
768,146,767,0,1,2
769,20,768,0,1,2
770,81,769,0,1,2
771,123,770,0,1,2
772,156,771,0,1,2
773,20,772,0,1,2
774,34,773,0,1,2
775,117,774,0,1,2
776,124,775,0,1,2
777,21,776,0,1,2
778,68,777,0,1,2
779,172,778,0,1,2
780,193,779,0,1,2
781,21,780,0,1,2
782,68,781,0,1,2
783,136,782,0,1,2
784,21,783,0,1,2
785,38,784,0,1,2
786,97,785,0,1,2
787,139,786,0,1,2
788,21,787,0,1,2
789,37,788,0,1,2
790,139,789,0,1,2
791,172,790,0,1,2
792,21,791,0,1,2
793,37,792,0,1,2
794,41,793,0,1,2
795,136,794,0,1,2
796,21,795,0,1,2
797,67,796,0,1,2
798,174,797,0,1,2
799,193,798,0,1,2
800,21,799,0,1,2
801,139,800,0,1,2
802,150,801,0,1,2
803,172,802,0,1,2
804,21,803,0,1,2
805,71,804,0,1,2
806,132,805,0,1,2
807,193,806,0,1,2
808,21,807,0,1,2
809,71,808,0,1,2
810,176,809,0,1,2
811,193,810,0,1,2
812,21,811,0,1,2
813,136,812,0,1,2
814,151,813,0,1,2
815,174,814,0,1,2
816,21,815,0,1,2
817,29,816,0,1,2
818,68,817,0,1,2
819,173,818,0,1,2
820,21,819,0,1,2
821,37,820,0,1,2
822,40,821,0,1,2
823,139,822,0,1,2
824,21,823,0,1,2
825,45,824,0,1,2
826,141,825,0,1,2
827,179,826,0,1,2
828,21,827,0,1,2
829,40,828,0,1,2
830,97,829,0,1,2
831,139,830,0,1,2
832,21,831,0,1,2
833,68,832,0,1,2
834,95,833,0,1,2
835,172,834,0,1,2
836,21,835,0,1,2
837,89,836,0,1,2
838,139,837,0,1,2
839,150,838,0,1,2
840,21,839,0,1,2
841,41,840,0,1,2
842,68,841,0,1,2
843,194,842,0,1,2
844,21,843,0,1,2
845,41,844,0,1,2
846,67,845,0,1,2
847,174,846,0,1,2
848,21,847,0,1,2
849,39,848,0,1,2
850,89,849,0,1,2
851,174,850,0,1,2
852,21,851,0,1,2
853,39,852,0,1,2
854,90,853,0,1,2
855,136,854,0,1,2
856,21,855,0,1,2
857,41,856,0,1,2
858,67,857,0,1,2
859,97,858,0,1,2
860,21,859,0,1,2
861,68,860,0,1,2
862,151,861,0,1,2
863,172,862,0,1,2
864,21,863,0,1,2
865,71,864,0,1,2
866,132,865,0,1,2
867,193,866,0,1,2
868,21,867,0,1,2
869,38,868,0,1,2
870,95,869,0,1,2
871,174,870,0,1,2
872,22,871,0,1,2
873,45,872,0,1,2
874,49,873,0,1,2
875,182,874,0,1,2
876,22,875,0,1,2
877,49,876,0,1,2
878,99,877,0,1,2
879,143,878,0,1,2
880,22,879,0,1,2
881,51,880,0,1,2
882,75,881,0,1,2
883,114,882,0,1,2
884,22,883,0,1,2
885,52,884,0,1,2
886,91,885,0,1,2
887,118,886,0,1,2
888,22,887,0,1,2
889,52,888,0,1,2
890,91,889,0,1,2
891,177,890,0,1,2
892,22,891,0,1,2
893,74,892,0,1,2
894,99,893,0,1,2
895,177,894,0,1,2
896,22,895,0,1,2
897,74,896,0,1,2
898,99,897,0,1,2
899,177,898,0,1,2
900,22,899,0,1,2
901,50,900,0,1,2
902,76,901,0,1,2
903,182,902,0,1,2
904,22,903,0,1,2
905,72,904,0,1,2
906,92,905,0,1,2
907,181,906,0,1,2
908,22,907,0,1,2
909,74,908,0,1,2
910,99,909,0,1,2
911,118,910,0,1,2
912,22,911,0,1,2
913,143,912,0,1,2
914,177,913,0,1,2
915,191,914,0,1,2
916,22,915,0,1,2
917,50,916,0,1,2
918,99,917,0,1,2
919,177,918,0,1,2
920,22,919,0,1,2
921,51,920,0,1,2
922,91,921,0,1,2
923,144,922,0,1,2
924,22,923,0,1,2
925,74,924,0,1,2
926,103,925,0,1,2
927,22,926,0,1,2
928,46,927,0,1,2
929,52,928,0,1,2
930,141,929,0,1,2
931,22,930,0,1,2
932,103,931,0,1,2
933,118,932,0,1,2
934,143,933,0,1,2
935,22,934,0,1,2
936,52,935,0,1,2
937,91,936,0,1,2
938,180,937,0,1,2
939,22,938,0,1,2
940,45,939,0,1,2
941,107,940,0,1,2
942,144,941,0,1,2
943,22,942,0,1,2
944,103,943,0,1,2
945,143,944,0,1,2
946,177,945,0,1,2
947,22,946,0,1,2
948,45,947,0,1,2
949,177,948,0,1,2
950,191,949,0,1,2
951,23,950,0,1,2
952,115,951,0,1,2
953,124,952,0,1,2
954,168,953,0,1,2
955,23,954,0,1,2
956,81,955,0,1,2
957,112,956,0,1,2
958,23,957,0,1,2
959,115,958,0,1,2
960,126,959,0,1,2
961,185,960,0,1,2
962,23,961,0,1,2
963,127,962,0,1,2
964,186,963,0,1,2
965,23,964,0,1,2
966,32,965,0,1,2
967,115,966,0,1,2
968,185,967,0,1,2
969,23,968,0,1,2
970,53,969,0,1,2
971,168,970,0,1,2
972,23,971,0,1,2
973,54,972,0,1,2
974,127,973,0,1,2
975,166,974,0,1,2
976,23,975,0,1,2
977,81,976,0,1,2
978,124,977,0,1,2
979,168,978,0,1,2
980,23,979,0,1,2
981,110,980,0,1,2
982,197,981,0,1,2
983,23,982,0,1,2
984,78,983,0,1,2
985,109,984,0,1,2
986,163,985,0,1,2
987,23,986,0,1,2
988,115,987,0,1,2
989,168,988,0,1,2
990,185,989,0,1,2
991,23,990,0,1,2
992,54,991,0,1,2
993,127,992,0,1,2
994,186,993,0,1,2
995,23,994,0,1,2
996,115,995,0,1,2
997,168,996,0,1,2
998,23,997,0,1,2
999,164,998,0,1,2
1000,168,999,0,1,2
1001,189,1000,0,1,2
1002,23,1001,0,1,2
1003,60,1002,0,1,2
1004,23,1003,0,1,2
1005,28,1004,0,1,2
1006,171,1005,0,1,2
1007,24,1006,0,1,2
1008,74,1007,0,1,2
1009,102,1008,0,1,2
1010,144,1009,0,1,2
1011,24,1010,0,1,2
1012,102,1011,0,1,2
1013,134,1012,0,1,2
1014,178,1013,0,1,2
1015,24,1014,0,1,2
1016,45,1015,0,1,2
1017,154,1016,0,1,2
1018,182,1017,0,1,2
1019,24,1018,0,1,2
1020,53,1019,0,1,2
1021,165,1020,0,1,2
1022,190,1021,0,1,2
1023,24,1022,0,1,2
1024,44,1023,0,1,2
1025,75,1024,0,1,2
1026,153,1025,0,1,2
1027,24,1026,0,1,2
1028,99,1027,0,1,2
1029,153,1028,0,1,2
1030,179,1029,0,1,2
1031,24,1030,0,1,2
1032,44,1031,0,1,2
1033,134,1032,0,1,2
1034,191,1033,0,1,2
1035,24,1034,0,1,2
1036,48,1035,0,1,2
1037,182,1036,0,1,2
1038,24,1037,0,1,2
1039,52,1038,0,1,2
1040,142,1039,0,1,2
1041,181,1040,0,1,2
1042,24,1041,0,1,2
1043,46,1042,0,1,2
1044,144,1043,0,1,2
1045,179,1044,0,1,2
1046,24,1045,0,1,2
1047,48,1046,0,1,2
1048,103,1047,0,1,2
1049,183,1048,0,1,2
1050,24,1049,0,1,2
1051,47,1050,0,1,2
1052,92,1051,0,1,2
1053,143,1052,0,1,2
1054,24,1053,0,1,2
1055,144,1054,0,1,2
1056,153,1055,0,1,2
1057,24,1056,0,1,2
1058,102,1057,0,1,2
1059,134,1058,0,1,2
1060,182,1059,0,1,2
1061,24,1060,0,1,2
1062,32,1061,0,1,2
1063,131,1062,0,1,2
1064,24,1063,0,1,2
1065,73,1064,0,1,2
1066,143,1065,0,1,2
1067,191,1066,0,1,2
1068,24,1067,0,1,2
1069,75,1068,0,1,2
1070,102,1069,0,1,2
1071,134,1070,0,1,2
1072,24,1071,0,1,2
1073,126,1072,0,1,2
1074,189,1073,0,1,2
1075,192,1074,0,1,2
1076,24,1075,0,1,2
1077,48,1076,0,1,2
1078,146,1077,0,1,2
1079,183,1078,0,1,2
1080,24,1079,0,1,2
1081,32,1080,0,1,2
1082,122,1081,0,1,2
1083,156,1082,0,1,2
1084,24,1083,0,1,2
1085,74,1084,0,1,2
1086,142,1085,0,1,2
1087,178,1086,0,1,2
1088,24,1087,0,1,2
1089,50,1088,0,1,2
1090,144,1089,0,1,2
1091,179,1090,0,1,2
1092,25,1091,0,1,2
1093,40,1092,0,1,2
1094,98,1093,0,1,2
1095,176,1094,0,1,2
1096,25,1095,0,1,2
1097,47,1096,0,1,2
1098,91,1097,0,1,2
1099,180,1098,0,1,2
1100,25,1099,0,1,2
1101,51,1100,0,1,2
1102,91,1101,0,1,2
1103,142,1102,0,1,2
1104,25,1103,0,1,2
1105,38,1104,0,1,2
1106,139,1105,0,1,2
1107,174,1106,0,1,2
1108,25,1107,0,1,2
1109,107,1108,0,1,2
1110,143,1109,0,1,2
1111,179,1110,0,1,2
1112,25,1111,0,1,2
1113,40,1112,0,1,2
1114,69,1113,0,1,2
1115,149,1114,0,1,2
1116,25,1115,0,1,2
1117,37,1116,0,1,2
1118,40,1117,0,1,2
1119,173,1118,0,1,2
1120,25,1119,0,1,2
1121,47,1120,0,1,2
1122,118,1121,0,1,2
1123,181,1122,0,1,2
1124,25,1123,0,1,2
1125,98,1124,0,1,2
1126,176,1125,0,1,2
1127,25,1126,0,1,2
1128,50,1127,0,1,2
1129,73,1128,0,1,2
1130,107,1129,0,1,2
1131,25,1130,0,1,2
1132,69,1131,0,1,2
1133,97,1132,0,1,2
1134,136,1133,0,1,2
1135,25,1134,0,1,2
1136,48,1135,0,1,2
1137,135,1136,0,1,2
1138,183,1137,0,1,2
1139,25,1138,0,1,2
1140,46,1139,0,1,2
1141,51,1140,0,1,2
1142,73,1141,0,1,2
1143,25,1142,0,1,2
1144,38,1143,0,1,2
1145,41,1144,0,1,2
1146,138,1145,0,1,2
1147,25,1146,0,1,2
1148,72,1147,0,1,2
1149,142,1148,0,1,2
1150,153,1149,0,1,2
1151,25,1150,0,1,2
1152,71,1151,0,1,2
1153,176,1152,0,1,2
1154,193,1153,0,1,2
1155,25,1154,0,1,2
1156,45,1155,0,1,2
1157,72,1156,0,1,2
1158,102,1157,0,1,2
1159,25,1158,0,1,2
1160,51,1159,0,1,2
1161,73,1160,0,1,2
1162,91,1161,0,1,2
1163,25,1162,0,1,2
1164,50,1163,0,1,2
1165,73,1164,0,1,2
1166,26,1165,0,1,2
1167,68,1166,0,1,2
1168,96,1167,0,1,2
1169,173,1168,0,1,2
1170,26,1169,0,1,2
1171,69,1170,0,1,2
1172,90,1171,0,1,2
1173,175,1172,0,1,2
1174,26,1173,0,1,2
1175,45,1174,0,1,2
1176,99,1175,0,1,2
1177,179,1176,0,1,2
1178,26,1177,0,1,2
1179,99,1178,0,1,2
1180,102,1179,0,1,2
1181,134,1180,0,1,2
1182,26,1181,0,1,2
1183,31,1182,0,1,2
1184,74,1183,0,1,2
1185,178,1184,0,1,2
1186,26,1185,0,1,2
1187,30,1186,0,1,2
1188,70,1187,0,1,2
1189,90,1188,0,1,2
1190,26,1189,0,1,2
1191,73,1190,0,1,2
1192,106,1191,0,1,2
1193,121,1192,0,1,2
1194,26,1193,0,1,2
1195,114,1194,0,1,2
1196,178,1195,0,1,2
1197,26,1196,0,1,2
1198,45,1197,0,1,2
1199,102,1198,0,1,2
1200,182,1199,0,1,2
1201,26,1200,0,1,2
1202,92,1201,0,1,2
1203,143,1202,0,1,2
1204,164,1203,0,1,2
1205,26,1204,0,1,2
1206,37,1205,0,1,2
1207,70,1206,0,1,2
1208,173,1207,0,1,2
1209,26,1208,0,1,2
1210,81,1209,0,1,2
1211,92,1210,0,1,2
1212,181,1211,0,1,2
1213,26,1212,0,1,2
1214,50,1213,0,1,2
1215,83,1214,0,1,2
1216,142,1215,0,1,2
1217,26,1216,0,1,2
1218,37,1217,0,1,2
1219,41,1218,0,1,2
1220,140,1219,0,1,2
1221,26,1220,0,1,2
1222,69,1221,0,1,2
1223,97,1222,0,1,2
1224,140,1223,0,1,2
1225,26,1224,0,1,2
1226,47,1225,0,1,2
1227,91,1226,0,1,2
1228,144,1227,0,1,2
1229,26,1228,0,1,2
1230,137,1229,0,1,2
1231,149,1230,0,1,2
1232,173,1231,0,1,2
1233,26,1232,0,1,2
1234,48,1233,0,1,2
1235,191,1234,0,1,2
1236,27,1235,0,1,2
1237,32,1236,0,1,2
1238,155,1237,0,1,2
1239,27,1238,0,1,2
1240,62,1239,0,1,2
1241,79,1240,0,1,2
1242,27,1241,0,1,2
1243,79,1242,0,1,2
1244,112,1243,0,1,2
1245,124,1244,0,1,2
1246,27,1245,0,1,2
1247,93,1246,0,1,2
1248,126,1247,0,1,2
1249,169,1248,0,1,2
1250,27,1249,0,1,2
1251,93,1250,0,1,2
1252,126,1251,0,1,2
1253,169,1252,0,1,2
1254,27,1253,0,1,2
1255,82,1254,0,1,2
1256,123,1255,0,1,2
1257,165,1256,0,1,2
1258,27,1257,0,1,2
1259,33,1258,0,1,2
1260,169,1259,0,1,2
1261,185,1260,0,1,2
1262,27,1261,0,1,2
1263,28,1262,0,1,2
1264,54,1263,0,1,2
1265,85,1264,0,1,2
1266,27,1265,0,1,2
1267,32,1266,0,1,2
1268,79,1267,0,1,2
1269,111,1268,0,1,2
1270,27,1269,0,1,2
1271,105,1270,0,1,2
1272,169,1271,0,1,2
1273,185,1272,0,1,2
1274,27,1273,0,1,2
1275,28,1274,0,1,2
1276,54,1275,0,1,2
1277,85,1276,0,1,2
1278,27,1277,0,1,2
1279,33,1278,0,1,2
1280,66,1279,0,1,2
1281,86,1280,0,1,2
1282,27,1281,0,1,2
1283,79,1282,0,1,2
1284,111,1283,0,1,2
1285,147,1284,0,1,2
1286,27,1285,0,1,2
1287,28,1286,0,1,2
1288,85,1287,0,1,2
1289,27,1288,0,1,2
1290,83,1289,0,1,2
1291,112,1290,0,1,2
1292,6,1291,0,1,2
1293,27,1292,0,1,2
1294,78,1293,0,1,2
1295,155,1294,0,1,2
1296,190,1295,0,1,2
1297,27,1296,0,1,2
1298,94,1297,0,1,2
1299,167,1298,0,1,2
1300,28,1299,0,1,2
1301,85,1300,0,1,2
1302,127,1301,0,1,2
1303,28,1302,0,1,2
1304,88,1303,0,1,2
1305,157,1304,0,1,2
1306,192,1305,0,1,2
1307,28,1306,0,1,2
1308,119,1307,0,1,2
1309,28,1308,0,1,2
1310,47,1309,0,1,2
1311,146,1310,0,1,2
1312,180,1311,0,1,2
1313,28,1312,0,1,2
1314,85,1313,0,1,2
1315,108,1314,0,1,2
1316,28,1315,0,1,2
1317,88,1316,0,1,2
1318,125,1317,0,1,2
1319,167,1318,0,1,2
1320,28,1319,0,1,2
1321,105,1320,0,1,2
1322,108,1321,0,1,2
1323,123,1322,0,1,2
1324,28,1323,0,1,2
1325,100,1324,0,1,2
1326,111,1325,0,1,2
1327,122,1326,0,1,2
1328,28,1327,0,1,2
1329,81,1328,0,1,2
1330,165,1329,0,1,2
1331,184,1330,0,1,2
1332,28,1331,0,1,2
1333,66,1332,0,1,2
1334,127,1333,0,1,2
1335,28,1334,0,1,2
1336,101,1335,0,1,2
1337,28,1336,0,1,2
1338,79,1337,0,1,2
1339,105,1338,0,1,2
1340,125,1339,0,1,2
1341,28,1340,0,1,2
1342,86,1341,0,1,2
1343,101,1342,0,1,2
1344,167,1343,0,1,2
1345,28,1344,0,1,2
1346,53,1345,0,1,2
1347,100,1346,0,1,2
1348,111,1347,0,1,2
1349,28,1348,0,1,2
1350,79,1349,0,1,2
1351,109,1350,0,1,2
1352,28,1351,0,1,2
1353,85,1352,0,1,2
1354,171,1353,0,1,2
1355,28,1354,0,1,2
1356,148,1355,0,1,2
1357,155,1356,0,1,2
1358,29,1357,0,1,2
1359,37,1358,0,1,2
1360,137,1359,0,1,2
1361,173,1360,0,1,2
1362,29,1361,0,1,2
1363,37,1362,0,1,2
1364,173,1363,0,1,2
1365,29,1364,0,1,2
1366,138,1365,0,1,2
1367,152,1366,0,1,2
1368,173,1367,0,1,2
1369,29,1368,0,1,2
1370,70,1369,0,1,2
1371,174,1370,0,1,2
1372,193,1371,0,1,2
1373,29,1372,0,1,2
1374,37,1373,0,1,2
1375,69,1374,0,1,2
1376,140,1375,0,1,2
1377,29,1376,0,1,2
1378,39,1377,0,1,2
1379,42,1378,0,1,2
1380,138,1379,0,1,2
1381,29,1380,0,1,2
1382,70,1381,0,1,2
1383,95,1382,0,1,2
1384,132,1383,0,1,2
1385,29,1384,0,1,2
1386,41,1385,0,1,2
1387,137,1386,0,1,2
1388,149,1387,0,1,2
1389,29,1388,0,1,2
1390,43,1389,0,1,2
1391,68,1390,0,1,2
1392,95,1391,0,1,2
1393,29,1392,0,1,2
1394,69,1393,0,1,2
1395,96,1394,0,1,2
1396,195,1395,0,1,2
1397,29,1396,0,1,2
1398,69,1397,0,1,2
1399,132,1398,0,1,2
1400,152,1399,0,1,2
1401,29,1400,0,1,2
1402,174,1401,0,1,2
1403,193,1402,0,1,2
1404,29,1403,0,1,2
1405,139,1404,0,1,2
1406,152,1405,0,1,2
1407,174,1406,0,1,2
1408,29,1407,0,1,2
1409,134,1408,0,1,2
1410,183,1409,0,1,2
1411,187,1410,0,1,2
1412,29,1411,0,1,2
1413,43,1412,0,1,2
1414,139,1413,0,1,2
1415,174,1414,0,1,2
1416,29,1415,0,1,2
1417,70,1416,0,1,2
1418,176,1417,0,1,2
1419,29,1418,0,1,2
1420,97,1419,0,1,2
1421,140,1420,0,1,2
1422,173,1421,0,1,2
1423,29,1422,0,1,2
1424,70,1423,0,1,2
1425,95,1424,0,1,2
1426,195,1425,0,1,2
1427,29,1426,0,1,2
1428,37,1427,0,1,2
1429,137,1428,0,1,2
1430,173,1429,0,1,2
1431,29,1430,0,1,2
1432,98,1431,0,1,2
1433,140,1432,0,1,2
1434,176,1433,0,1,2
1435,29,1434,0,1,2
1436,139,1435,0,1,2
1437,195,1436,0,1,2
1438,30,1437,0,1,2
1439,90,1438,0,1,2
1440,136,1439,0,1,2
1441,175,1440,0,1,2
1442,30,1441,0,1,2
1443,138,1442,0,1,2
1444,175,1443,0,1,2
1445,30,1444,0,1,2
1446,42,1445,0,1,2
1447,90,1446,0,1,2
1448,172,1447,0,1,2
1449,30,1448,0,1,2
1450,68,1449,0,1,2
1451,89,1450,0,1,2
1452,175,1451,0,1,2
1453,30,1452,0,1,2
1454,42,1453,0,1,2
1455,89,1454,0,1,2
1456,138,1455,0,1,2
1457,30,1456,0,1,2
1458,104,1457,0,1,2
1459,140,1458,0,1,2
1460,149,1459,0,1,2
1461,30,1460,0,1,2
1462,42,1461,0,1,2
1463,67,1462,0,1,2
1464,149,1463,0,1,2
1465,30,1464,0,1,2
1466,90,1465,0,1,2
1467,175,1466,0,1,2
1468,194,1467,0,1,2
1469,30,1468,0,1,2
1470,42,1469,0,1,2
1471,90,1470,0,1,2
1472,30,1471,0,1,2
1473,137,1472,0,1,2
1474,149,1473,0,1,2
1475,172,1474,0,1,2
1476,30,1475,0,1,2
1477,90,1476,0,1,2
1478,137,1477,0,1,2
1479,172,1478,0,1,2
1480,30,1479,0,1,2
1481,42,1480,0,1,2
1482,89,1481,0,1,2
1483,138,1482,0,1,2
1484,30,1483,0,1,2
1485,42,1484,0,1,2
1486,138,1485,0,1,2
1487,194,1486,0,1,2
1488,30,1487,0,1,2
1489,90,1488,0,1,2
1490,137,1489,0,1,2
1491,172,1490,0,1,2
1492,30,1491,0,1,2
1493,150,1492,0,1,2
1494,175,1493,0,1,2
1495,194,1494,0,1,2
1496,30,1495,0,1,2
1497,42,1496,0,1,2
1498,90,1497,0,1,2
1499,136,1498,0,1,2
1500,30,1499,0,1,2
1501,68,1500,0,1,2
1502,89,1501,0,1,2
1503,175,1502,0,1,2
1504,30,1503,0,1,2
1505,42,1504,0,1,2
1506,138,1505,0,1,2
1507,194,1506,0,1,2
1508,30,1507,0,1,2
1509,42,1508,0,1,2
1510,89,1509,0,1,2
1511,174,1510,0,1,2
1512,31,1511,0,1,2
1513,99,1512,0,1,2
1514,143,1513,0,1,2
1515,177,1514,0,1,2
1516,31,1515,0,1,2
1517,103,1516,0,1,2
1518,143,1517,0,1,2
1519,177,1518,0,1,2
1520,31,1519,0,1,2
1521,46,1520,0,1,2
1522,72,1521,0,1,2
1523,146,1522,0,1,2
1524,31,1523,0,1,2
1525,50,1524,0,1,2
1526,135,1525,0,1,2
1527,178,1526,0,1,2
1528,31,1527,0,1,2
1529,99,1528,0,1,2
1530,143,1529,0,1,2
1531,177,1530,0,1,2
1532,31,1531,0,1,2
1533,153,1532,0,1,2
1534,178,1533,0,1,2
1535,31,1534,0,1,2
1536,45,1535,0,1,2
1537,118,1536,0,1,2
1538,178,1537,0,1,2
1539,31,1538,0,1,2
1540,51,1539,0,1,2
1541,75,1540,0,1,2
1542,181,1541,0,1,2
1543,31,1542,0,1,2
1544,83,1543,0,1,2
1545,91,1544,0,1,2
1546,180,1545,0,1,2
1547,31,1546,0,1,2
1548,74,1547,0,1,2
1549,124,1548,0,1,2
1550,184,1549,0,1,2
1551,31,1550,0,1,2
1552,49,1551,0,1,2
1553,106,1552,0,1,2
1554,134,1553,0,1,2
1555,31,1554,0,1,2
1556,45,1555,0,1,2
1557,141,1556,0,1,2
1558,191,1557,0,1,2
1559,31,1558,0,1,2
1560,48,1559,0,1,2
1561,120,1560,0,1,2
1562,161,1561,0,1,2
1563,31,1562,0,1,2
1564,114,1563,0,1,2
1565,135,1564,0,1,2
1566,191,1565,0,1,2
1567,31,1566,0,1,2
1568,50,1567,0,1,2
1569,99,1568,0,1,2
1570,141,1569,0,1,2
1571,32,1570,0,1,2
1572,66,1571,0,1,2
1573,84,1572,0,1,2
1574,32,1573,0,1,2
1575,101,1574,0,1,2
1576,123,1575,0,1,2
1577,32,1576,0,1,2
1578,93,1577,0,1,2
1579,164,1578,0,1,2
1580,32,1579,0,1,2
1581,157,1580,0,1,2
1582,197,1581,0,1,2
1583,32,1582,0,1,2
1584,84,1583,0,1,2
1585,32,1584,0,1,2
1586,81,1585,0,1,2
1587,169,1586,0,1,2
1588,189,1587,0,1,2
1589,32,1588,0,1,2
1590,125,1589,0,1,2
1591,165,1590,0,1,2
1592,6,1591,0,1,2
1593,32,1592,0,1,2
1594,81,1593,0,1,2
1595,123,1594,0,1,2
1596,165,1595,0,1,2
1597,32,1596,0,1,2
1598,125,1597,0,1,2
1599,169,1598,0,1,2
1600,189,1599,0,1,2
1601,32,1600,0,1,2
1602,87,1601,0,1,2
1603,130,1602,0,1,2
1604,32,1603,0,1,2
1605,111,1604,0,1,2
1606,122,1605,0,1,2
1607,6,1606,0,1,2
1608,32,1607,0,1,2
1609,79,1608,0,1,2
1610,93,1609,0,1,2
1611,164,1610,0,1,2
1612,32,1611,0,1,2
1613,129,1612,0,1,2
1614,130,1613,0,1,2
1615,192,1614,0,1,2
1616,32,1615,0,1,2
1617,81,1616,0,1,2
1618,124,1617,0,1,2
1619,169,1618,0,1,2
1620,32,1619,0,1,2
1621,125,1620,0,1,2
1622,167,1621,0,1,2
1623,185,1622,0,1,2
1624,32,1623,0,1,2
1625,83,1624,0,1,2
1626,125,1625,0,1,2
1627,184,1626,0,1,2
1628,33,1627,0,1,2
1629,108,1628,0,1,2
1630,33,1629,0,1,2
1631,188,1630,0,1,2
1632,197,1631,0,1,2
1633,33,1632,0,1,2
1634,54,1633,0,1,2
1635,66,1634,0,1,2
1636,159,1635,0,1,2
1637,33,1636,0,1,2
1638,79,1637,0,1,2
1639,93,1638,0,1,2
1640,148,1639,0,1,2
1641,33,1640,0,1,2
1642,34,1641,0,1,2
1643,79,1642,0,1,2
1644,185,1643,0,1,2
1645,33,1644,0,1,2
1646,85,1645,0,1,2
1647,108,1646,0,1,2
1648,33,1647,0,1,2
1649,116,1648,0,1,2
1650,119,1649,0,1,2
1651,197,1650,0,1,2
1652,33,1651,0,1,2
1653,66,1652,0,1,2
1654,88,1653,0,1,2
1655,108,1654,0,1,2
1656,33,1655,0,1,2
1657,34,1656,0,1,2
1658,116,1657,0,1,2
1659,124,1658,0,1,2
1660,33,1659,0,1,2
1661,105,1660,0,1,2
1662,109,1661,0,1,2
1663,130,1662,0,1,2
1664,33,1663,0,1,2
1665,130,1664,0,1,2
1666,171,1665,0,1,2
1667,33,1666,0,1,2
1668,87,1667,0,1,2
1669,117,1668,0,1,2
1670,33,1669,0,1,2
1671,86,1670,0,1,2
1672,125,1671,0,1,2
1673,157,1672,0,1,2
1674,33,1673,0,1,2
1675,85,1674,0,1,2
1676,127,1675,0,1,2
1677,33,1676,0,1,2
1678,192,1677,0,1,2
1679,33,1678,0,1,2
1680,35,1679,0,1,2
1681,77,1680,0,1,2
1682,111,1681,0,1,2
1683,33,1682,0,1,2
1684,55,1683,0,1,2
1685,83,1684,0,1,2
1686,183,1685,0,1,2
1687,33,1686,0,1,2
1688,188,1687,0,1,2
1689,192,1688,0,1,2
1690,33,1689,0,1,2
1691,83,1690,0,1,2
1692,113,1691,0,1,2
1693,155,1692,0,1,2
1694,34,1693,0,1,2
1695,82,1694,0,1,2
1696,6,1695,0,1,2
1697,34,1696,0,1,2
1698,116,1697,0,1,2
1699,168,1698,0,1,2
1700,185,1699,0,1,2
1701,34,1700,0,1,2
1702,35,1701,0,1,2
1703,93,1702,0,1,2
1704,126,1703,0,1,2
1705,34,1704,0,1,2
1706,126,1705,0,1,2
1707,155,1706,0,1,2
1708,165,1707,0,1,2
1709,34,1708,0,1,2
1710,111,1709,0,1,2
1711,147,1710,0,1,2
1712,184,1711,0,1,2
1713,34,1712,0,1,2
1714,35,1713,0,1,2
1715,82,1714,0,1,2
1716,185,1715,0,1,2
1717,34,1716,0,1,2
1718,78,1717,0,1,2
1719,117,1718,0,1,2
1720,163,1719,0,1,2
1721,34,1720,0,1,2
1722,82,1721,0,1,2
1723,165,1722,0,1,2
1724,184,1723,0,1,2
1725,34,1724,0,1,2
1726,165,1725,0,1,2
1727,168,1726,0,1,2
1728,184,1727,0,1,2
1729,34,1728,0,1,2
1730,161,1729,0,1,2
1731,163,1730,0,1,2
1732,6,1731,0,1,2
1733,34,1732,0,1,2
1734,62,1733,0,1,2
1735,123,1734,0,1,2
1736,34,1735,0,1,2
1737,82,1736,0,1,2
1738,124,1737,0,1,2
1739,6,1738,0,1,2
1740,34,1739,0,1,2
1741,147,1740,0,1,2
1742,157,1741,0,1,2
1743,170,1742,0,1,2
1744,34,1743,0,1,2
1745,124,1744,0,1,2
1746,147,1745,0,1,2
1747,169,1746,0,1,2
1748,34,1747,0,1,2
1749,55,1748,0,1,2
1750,82,1749,0,1,2
1751,185,1750,0,1,2
1752,34,1751,0,1,2
1753,165,1752,0,1,2
1754,168,1753,0,1,2
1755,6,1754,0,1,2
1756,34,1755,0,1,2
1757,82,1756,0,1,2
1758,165,1757,0,1,2
1759,169,1758,0,1,2
1760,34,1759,0,1,2
1761,112,1760,0,1,2
1762,124,1761,0,1,2
1763,157,1762,0,1,2
1764,34,1763,0,1,2
1765,169,1764,0,1,2
1766,189,1765,0,1,2
1767,190,1766,0,1,2
1768,34,1767,0,1,2
1769,85,1768,0,1,2
1770,105,1769,0,1,2
1771,170,1770,0,1,2
1772,34,1771,0,1,2
1773,100,1772,0,1,2
1774,111,1773,0,1,2
1775,126,1774,0,1,2
1776,34,1775,0,1,2
1777,112,1776,0,1,2
1778,123,1777,0,1,2
1779,34,1778,0,1,2
1780,83,1779,0,1,2
1781,123,1780,0,1,2
1782,160,1781,0,1,2
1783,34,1782,0,1,2
1784,126,1783,0,1,2
1785,170,1784,0,1,2
1786,6,1785,0,1,2
1787,34,1786,0,1,2
1788,79,1787,0,1,2
1789,93,1788,0,1,2
1790,196,1789,0,1,2
1791,34,1790,0,1,2
1792,123,1791,0,1,2
1793,156,1792,0,1,2
1794,196,1793,0,1,2
1795,35,1794,0,1,2
1796,62,1795,0,1,2
1797,192,1796,0,1,2
1798,35,1797,0,1,2
1799,84,1798,0,1,2
1800,156,1799,0,1,2
1801,35,1800,0,1,2
1802,78,1801,0,1,2
1803,109,1802,0,1,2
1804,121,1803,0,1,2
1805,35,1804,0,1,2
1806,83,1805,0,1,2
1807,113,1806,0,1,2
1808,121,1807,0,1,2
1809,35,1808,0,1,2
1810,78,1809,0,1,2
1811,131,1810,0,1,2
1812,147,1811,0,1,2
1813,35,1812,0,1,2
1814,81,1813,0,1,2
1815,147,1814,0,1,2
1816,189,1815,0,1,2
1817,35,1816,0,1,2
1818,78,1817,0,1,2
1819,121,1818,0,1,2
1820,192,1819,0,1,2
1821,35,1820,0,1,2
1822,101,1821,0,1,2
1823,119,1822,0,1,2
1824,35,1823,0,1,2
1825,64,1824,0,1,2
1826,77,1825,0,1,2
1827,35,1826,0,1,2
1828,53,1827,0,1,2
1829,163,1828,0,1,2
1830,35,1829,0,1,2
1831,113,1830,0,1,2
1832,168,1831,0,1,2
1833,185,1832,0,1,2
1834,35,1833,0,1,2
1835,53,1834,0,1,2
1836,78,1835,0,1,2
1837,196,1836,0,1,2
1838,36,1837,0,1,2
1839,40,1838,0,1,2
1840,69,1839,0,1,2
1841,150,1840,0,1,2
1842,36,1841,0,1,2
1843,68,1842,0,1,2
1844,95,1843,0,1,2
1845,172,1844,0,1,2
1846,36,1845,0,1,2
1847,95,1846,0,1,2
1848,149,1847,0,1,2
1849,172,1848,0,1,2
1850,36,1849,0,1,2
1851,71,1850,0,1,2
1852,151,1851,0,1,2
1853,176,1852,0,1,2
1854,36,1853,0,1,2
1855,40,1854,0,1,2
1856,138,1855,0,1,2
1857,36,1856,0,1,2
1858,68,1857,0,1,2
1859,136,1858,0,1,2
1860,151,1859,0,1,2
1861,36,1860,0,1,2
1862,41,1861,0,1,2
1863,67,1862,0,1,2
1864,149,1863,0,1,2
1865,36,1864,0,1,2
1866,136,1865,0,1,2
1867,151,1866,0,1,2
1868,174,1867,0,1,2
1869,36,1868,0,1,2
1870,69,1869,0,1,2
1871,174,1870,0,1,2
1872,36,1871,0,1,2
1873,132,1872,0,1,2
1874,172,1873,0,1,2
1875,36,1874,0,1,2
1876,95,1875,0,1,2
1877,136,1876,0,1,2
1878,150,1877,0,1,2
1879,36,1878,0,1,2
1880,69,1879,0,1,2
1881,138,1880,0,1,2
1882,36,1881,0,1,2
1883,67,1882,0,1,2
1884,98,1883,0,1,2
1885,174,1884,0,1,2
1886,36,1885,0,1,2
1887,69,1886,0,1,2
1888,174,1887,0,1,2
1889,36,1888,0,1,2
1890,67,1889,0,1,2
1891,174,1890,0,1,2
1892,36,1891,0,1,2
1893,67,1892,0,1,2
1894,150,1893,0,1,2
1895,173,1894,0,1,2
1896,36,1895,0,1,2
1897,69,1896,0,1,2
1898,174,1897,0,1,2
1899,37,1898,0,1,2
1900,41,1899,0,1,2
1901,137,1900,0,1,2
1902,37,1901,0,1,2
1903,42,1902,0,1,2
1904,67,1903,0,1,2
1905,37,1904,0,1,2
1906,40,1905,0,1,2
1907,137,1906,0,1,2
1908,151,1907,0,1,2
1909,37,1908,0,1,2
1910,70,1909,0,1,2
1911,136,1910,0,1,2
1912,37,1911,0,1,2
1913,96,1912,0,1,2
1914,139,1913,0,1,2
1915,37,1914,0,1,2
1916,41,1915,0,1,2
1917,70,1916,0,1,2
1918,37,1917,0,1,2
1919,40,1918,0,1,2
1920,137,1919,0,1,2
1921,151,1920,0,1,2
1922,37,1921,0,1,2
1923,69,1922,0,1,2
1924,175,1923,0,1,2
1925,37,1924,0,1,2
1926,40,1925,0,1,2
1927,139,1926,0,1,2
1928,152,1927,0,1,2
1929,37,1928,0,1,2
1930,70,1929,0,1,2
1931,95,1930,0,1,2
1932,37,1931,0,1,2
1933,70,1932,0,1,2
1934,139,1933,0,1,2
1935,37,1934,0,1,2
1936,95,1935,0,1,2
1937,136,1936,0,1,2
1938,37,1937,0,1,2
1939,70,1938,0,1,2
1940,139,1939,0,1,2
1941,37,1940,0,1,2
1942,95,1941,0,1,2
1943,136,1942,0,1,2
1944,38,1943,0,1,2
1945,137,1944,0,1,2
1946,150,1945,0,1,2
1947,173,1946,0,1,2
1948,38,1947,0,1,2
1949,97,1948,0,1,2
1950,139,1949,0,1,2
1951,152,1950,0,1,2
1952,38,1951,0,1,2
1953,69,1952,0,1,2
1954,90,1953,0,1,2
1955,175,1954,0,1,2
1956,38,1955,0,1,2
1957,95,1956,0,1,2
1958,138,1957,0,1,2
1959,152,1958,0,1,2
1960,38,1959,0,1,2
1961,43,1960,0,1,2
1962,149,1961,0,1,2
1963,173,1962,0,1,2
1964,38,1963,0,1,2
1965,97,1964,0,1,2
1966,137,1965,0,1,2
1967,173,1966,0,1,2
1968,38,1967,0,1,2
1969,68,1968,0,1,2
1970,95,1969,0,1,2
1971,38,1970,0,1,2
1972,70,1971,0,1,2
1973,151,1972,0,1,2
1974,174,1973,0,1,2
1975,38,1974,0,1,2
1976,41,1975,0,1,2
1977,138,1976,0,1,2
1978,152,1977,0,1,2
1979,38,1978,0,1,2
1980,68,1979,0,1,2
1981,38,1980,0,1,2
1982,38,1980,0,1,2
1983,70,1981,0,1,2
1984,90,1982,0,1,2
1985,173,1983,0,1,2
1986,38,1984,0,1,2
1987,132,1985,0,1,2
1988,38,1986,0,1,2
1989,41,1987,0,1,2
1990,152,1988,0,1,2
1991,174,1989,0,1,2
1992,38,1990,0,1,2
1993,96,1991,0,1,2
1994,150,1992,0,1,2
1995,173,1993,0,1,2
1996,38,1994,0,1,2
1997,97,1995,0,1,2
1998,137,1996,0,1,2
1999,173,1997,0,1,2
2000,39,1998,0,1,2
2001,89,1999,0,1,2
2002,150,2000,0,1,2
2003,175,2001,0,1,2
2004,39,2002,0,1,2
2005,89,2003,0,1,2
2006,138,2004,0,1,2
2007,39,2005,0,1,2
2008,42,2006,0,1,2
2009,90,2007,0,1,2
2010,136,2008,0,1,2
2011,39,2009,0,1,2
2012,70,2010,0,1,2
2013,89,2011,0,1,2
2014,150,2012,0,1,2
2015,39,2013,0,1,2
2016,42,2014,0,1,2
2017,136,2015,0,1,2
2018,149,2016,0,1,2
2019,39,2017,0,1,2
2020,67,2018,0,1,2
2021,90,2019,0,1,2
2022,152,2020,0,1,2
2023,39,2021,0,1,2
2024,42,2022,0,1,2
2025,90,2023,0,1,2
2026,39,2024,0,1,2
2027,68,2025,0,1,2
2028,89,2026,0,1,2
2029,175,2027,0,1,2
2030,39,2028,0,1,2
2031,138,2029,0,1,2
2032,175,2030,0,1,2
2033,39,2031,0,1,2
2034,43,2032,0,1,2
2035,136,2033,0,1,2
2036,150,2034,0,1,2
2037,39,2035,0,1,2
2038,89,2036,0,1,2
2039,150,2037,0,1,2
2040,175,2038,0,1,2
2041,39,2039,0,1,2
2042,67,2040,0,1,2
2043,150,2041,0,1,2
2044,175,2042,0,1,2
2045,39,2043,0,1,2
2046,67,2044,0,1,2
2047,149,2045,0,1,2
2048,175,2046,0,1,2
2049,39,2047,0,1,2
2050,90,2048,0,1,2
2051,175,2049,0,1,2
2052,39,2050,0,1,2
2053,89,2051,0,1,2
2054,140,2052,0,1,2
2055,150,2053,0,1,2
2056,39,2054,0,1,2
2057,89,2055,0,1,2
2058,137,2056,0,1,2
2059,149,2057,0,1,2
2060,39,2058,0,1,2
2061,67,2059,0,1,2
2062,90,2060,0,1,2
2063,175,2061,0,1,2
2064,39,2062,0,1,2
2065,89,2063,0,1,2
2066,140,2064,0,1,2
2067,150,2065,0,1,2
2068,39,2066,0,1,2
2069,89,2067,0,1,2
2070,149,2068,0,1,2
2071,175,2069,0,1,2
2072,40,2070,0,1,2
2073,69,2071,0,1,2
2074,96,2072,0,1,2
2075,149,2073,0,1,2
2076,40,2074,0,1,2
2077,95,2075,0,1,2
2078,137,2076,0,1,2
2079,150,2077,0,1,2
2080,40,2078,0,1,2
2081,95,2079,0,1,2
2082,138,2080,0,1,2
2083,152,2081,0,1,2
2084,40,2082,0,1,2
2085,97,2083,0,1,2
2086,133,2084,0,1,2
2087,40,2085,0,1,2
2088,97,2086,0,1,2
2089,152,2087,0,1,2
2090,173,2088,0,1,2
2091,40,2089,0,1,2
2092,96,2090,0,1,2
2093,138,2091,0,1,2
2094,40,2092,0,1,2
2095,68,2093,0,1,2
2096,152,2094,0,1,2
2097,173,2095,0,1,2
2098,40,2096,0,1,2
2099,69,2097,0,1,2
2100,96,2098,0,1,2
2101,150,2099,0,1,2
2102,40,2100,0,1,2
2103,70,2101,0,1,2
2104,195,2102,0,1,2
2105,40,2103,0,1,2
2106,70,2104,0,1,2
2107,97,2105,0,1,2
2108,40,2106,0,1,2
2109,70,2107,0,1,2
2110,97,2108,0,1,2
2111,151,2109,0,1,2
2112,136,2110,0,1,2
2113,151,2111,0,1,2
2114,174,2112,0,1,2
2115,95,2113,0,1,2
2116,136,2114,0,1,2
2117,195,2115,0,1,2
2118,68,2116,0,1,2
2119,173,2117,0,1,2
2120,71,2118,0,1,2
2121,176,2119,0,1,2
2122,67,2120,0,1,2
2123,95,2121,0,1,2
2124,150,2122,0,1,2
2125,95,2123,0,1,2
2126,149,2124,0,1,2
2127,172,2125,0,1,2
2128,136,2126,0,1,2
2129,149,2127,0,1,2
2130,173,2128,0,1,2
2131,138,2129,0,1,2
2132,151,2130,0,1,2
2133,194,2131,0,1,2
2134,71,2132,0,1,2
2135,98,2133,0,1,2
2136,195,2134,0,1,2
2137,98,2135,0,1,2
2138,150,2136,0,1,2
2139,172,2137,0,1,2
2140,71,2138,0,1,2
2141,132,2139,0,1,2
2142,151,2140,0,1,2
2143,69,2141,0,1,2
2144,174,2142,0,1,2
2145,194,2143,0,1,2
2146,67,2144,0,1,2
2147,98,2145,0,1,2
2148,149,2146,0,1,2
2149,41,2147,0,1,2
2150,140,2148,0,1,2
2151,195,2149,0,1,2
2152,41,2150,0,1,2
2153,97,2151,0,1,2
2154,137,2152,0,1,2
2155,41,2153,0,1,2
2156,67,2154,0,1,2
2157,138,2155,0,1,2
2158,152,2156,0,1,2
2159,41,2157,0,1,2
2160,70,2158,0,1,2
2161,97,2159,0,1,2
2162,194,2160,0,1,2
2163,41,2161,0,1,2
2164,97,2162,0,1,2
2165,136,2163,0,1,2
2166,152,2164,0,1,2
2167,41,2165,0,1,2
2168,97,2166,0,1,2
2169,137,2167,0,1,2
2170,194,2168,0,1,2
2171,41,2169,0,1,2
2172,97,2170,0,1,2
2173,140,2171,0,1,2
2174,42,2172,0,1,2
2175,68,2173,0,1,2
2176,136,2174,0,1,2
2177,151,2175,0,1,2
2178,42,2176,0,1,2
2179,68,2177,0,1,2
2180,89,2178,0,1,2
2181,42,2179,0,1,2
2182,68,2180,0,1,2
2183,89,2181,0,1,2
2184,42,2182,0,1,2
2185,90,2183,0,1,2
2186,139,2184,0,1,2
2187,42,2185,0,1,2
2188,68,2186,0,1,2
2189,172,2187,0,1,2
2190,42,2188,0,1,2
2191,69,2189,0,1,2
2192,90,2190,0,1,2
2193,43,2191,0,1,2
2194,71,2192,0,1,2
2195,151,2193,0,1,2
2196,176,2194,0,1,2
2197,43,2195,0,1,2
2198,71,2196,0,1,2
2199,151,2197,0,1,2
2200,195,2198,0,1,2
2201,43,2199,0,1,2
2202,71,2200,0,1,2
2203,132,2201,0,1,2
2204,151,2202,0,1,2
2205,43,2203,0,1,2
2206,71,2204,0,1,2
2207,132,2205,0,1,2
2208,43,2206,0,1,2
2209,132,2207,0,1,2
2210,151,2208,0,1,2
2211,194,2209,0,1,2
2212,43,2210,0,1,2
2213,71,2211,0,1,2
2214,95,2212,0,1,2
2215,149,2213,0,1,2
2216,43,2214,0,1,2
2217,104,2215,0,1,2
2218,176,2216,0,1,2
2219,193,2217,0,1,2
2220,43,2218,0,1,2
2221,98,2219,0,1,2
2222,120,2220,0,1,2
2223,195,2221,0,1,2
2224,43,2222,0,1,2
2225,71,2223,0,1,2
2226,98,2224,0,1,2
2227,195,2225,0,1,2
2228,143,2226,0,1,2
2229,154,2227,0,1,2
2230,187,2228,0,1,2
2231,50,2229,0,1,2
2232,75,2230,0,1,2
2233,154,2231,0,1,2
2234,50,2232,0,1,2
2235,75,2233,0,1,2
2236,50,2234,0,1,2
2237,75,2235,0,1,2
2238,74,2236,0,1,2
2239,144,2237,0,1,2
2240,154,2238,0,1,2
2241,74,2239,0,1,2
2242,179,2240,0,1,2
2243,191,2241,0,1,2
2244,73,2242,0,1,2
2245,106,2243,0,1,2
2246,173,2244,0,1,2
2247,74,2245,0,1,2
2248,179,2246,0,1,2
2249,189,2247,0,1,2
2250,74,2248,0,1,2
2251,99,2249,0,1,2
2252,148,2250,0,1,2
2253,142,2251,0,1,2
2254,145,2252,0,1,2
2255,191,2253,0,1,2
2256,102,2254,0,1,2
2257,143,2255,0,1,2
2258,187,2256,0,1,2
2259,134,2257,0,1,2
2260,146,2258,0,1,2
2261,183,2259,0,1,2
2262,153,2260,0,1,2
2263,165,2261,0,1,2
2264,99,2262,0,1,2
2265,142,2263,0,1,2
2266,145,2264,0,1,2
2267,134,2265,0,1,2
2268,187,2266,0,1,2
2269,144,2267,0,1,2
2270,145,2268,0,1,2
2271,179,2269,0,1,2
2272,99,2270,0,1,2
2273,142,2271,0,1,2
2274,145,2272,0,1,2
2275,74,2273,0,1,2
2276,103,2274,0,1,2
2277,134,2275,0,1,2
2278,178,2276,0,1,2
2279,44,2277,0,1,2
2280,49,2278,0,1,2
2281,134,2279,0,1,2
2282,191,2280,0,1,2
2283,44,2281,0,1,2
2284,72,2282,0,1,2
2285,99,2283,0,1,2
2286,114,2284,0,1,2
2287,44,2285,0,1,2
2288,49,2286,0,1,2
2289,75,2287,0,1,2
2290,153,2288,0,1,2
2291,44,2289,0,1,2
2292,49,2290,0,1,2
2293,114,2291,0,1,2
2294,44,2292,0,1,2
2295,72,2293,0,1,2
2296,114,2294,0,1,2
2297,178,2295,0,1,2
2298,44,2296,0,1,2
2299,49,2297,0,1,2
2300,75,2298,0,1,2
2301,147,2299,0,1,2
2302,44,2300,0,1,2
2303,145,2301,0,1,2
2304,177,2302,0,1,2
2305,191,2303,0,1,2
2306,44,2304,0,1,2
2307,50,2305,0,1,2
2308,72,2306,0,1,2
2309,144,2307,0,1,2
2310,44,2308,0,1,2
2311,50,2309,0,1,2
2312,177,2310,0,1,2
2313,44,2311,0,1,2
2314,49,2312,0,1,2
2315,143,2313,0,1,2
2316,191,2314,0,1,2
2317,44,2315,0,1,2
2318,106,2316,0,1,2
2319,134,2317,0,1,2
2320,180,2318,0,1,2
2321,44,2319,0,1,2
2322,50,2320,0,1,2
2323,107,2321,0,1,2
2324,178,2322,0,1,2
2325,44,2323,0,1,2
2326,74,2324,0,1,2
2327,144,2325,0,1,2
2328,177,2326,0,1,2
2329,44,2327,0,1,2
2330,49,2328,0,1,2
2331,114,2329,0,1,2
2332,178,2330,0,1,2
2333,44,2331,0,1,2
2334,72,2332,0,1,2
2335,103,2333,0,1,2
2336,145,2334,0,1,2
2337,44,2335,0,1,2
2338,114,2336,0,1,2
2339,135,2337,0,1,2
2340,178,2338,0,1,2
2341,44,2339,0,1,2
2342,145,2340,0,1,2
2343,177,2341,0,1,2
2344,191,2342,0,1,2
2345,44,2343,0,1,2
2346,141,2344,0,1,2
2347,145,2345,0,1,2
2348,187,2346,0,1,2
2349,44,2347,0,1,2
2350,153,2348,0,1,2
2351,177,2349,0,1,2
2352,191,2350,0,1,2
2353,44,2351,0,1,2
2354,49,2352,0,1,2
2355,74,2353,0,1,2
2356,187,2354,0,1,2
2357,44,2355,0,1,2
2358,114,2356,0,1,2
2359,177,2357,0,1,2
2360,44,2358,0,1,2
2361,74,2359,0,1,2
2362,118,2360,0,1,2
2363,191,2361,0,1,2
2364,44,2362,0,1,2
2365,49,2363,0,1,2
2366,75,2364,0,1,2
2367,143,2365,0,1,2
2368,45,2366,0,1,2
2369,75,2367,0,1,2
2370,118,2368,0,1,2
2371,142,2369,0,1,2
2372,45,2370,0,1,2
2373,49,2371,0,1,2
2374,142,2372,0,1,2
2375,178,2373,0,1,2
2376,45,2374,0,1,2
2377,49,2375,0,1,2
2378,179,2376,0,1,2
2379,45,2377,0,1,2
2380,72,2378,0,1,2
2381,99,2379,0,1,2
2382,179,2380,0,1,2
2383,45,2381,0,1,2
2384,75,2382,0,1,2
2385,135,2383,0,1,2
2386,154,2384,0,1,2
2387,45,2385,0,1,2
2388,142,2386,0,1,2
2389,146,2387,0,1,2
2390,177,2388,0,1,2
2391,45,2389,0,1,2
2392,73,2390,0,1,2
2393,141,2391,0,1,2
2394,178,2392,0,1,2
2395,45,2393,0,1,2
2396,49,2394,0,1,2
2397,154,2395,0,1,2
2398,178,2396,0,1,2
2399,45,2397,0,1,2
2400,92,2398,0,1,2
2401,141,2399,0,1,2
2402,154,2400,0,1,2
2403,45,2401,0,1,2
2404,75,2402,0,1,2
2405,141,2403,0,1,2
2406,45,2404,0,1,2
2407,144,2405,0,1,2
2408,148,2406,0,1,2
2409,177,2407,0,1,2
2410,45,2408,0,1,2
2411,72,2409,0,1,2
2412,154,2410,0,1,2
2413,178,2411,0,1,2
2414,45,2412,0,1,2
2415,118,2413,0,1,2
2416,179,2414,0,1,2
2417,191,2415,0,1,2
2418,46,2416,0,1,2
2419,52,2417,0,1,2
2420,73,2418,0,1,2
2421,118,2419,0,1,2
2422,46,2420,0,1,2
2423,92,2421,0,1,2
2424,154,2422,0,1,2
2425,180,2423,0,1,2
2426,46,2424,0,1,2
2427,52,2425,0,1,2
2428,72,2426,0,1,2
2429,46,2427,0,1,2
2430,52,2428,0,1,2
2431,72,2429,0,1,2
2432,154,2430,0,1,2
2433,46,2431,0,1,2
2434,92,2432,0,1,2
2435,141,2433,0,1,2
2436,154,2434,0,1,2
2437,46,2435,0,1,2
2438,73,2436,0,1,2
2439,92,2437,0,1,2
2440,118,2438,0,1,2
2441,46,2439,0,1,2
2442,72,2440,0,1,2
2443,148,2441,0,1,2
2444,191,2442,0,1,2
2445,46,2443,0,1,2
2446,51,2444,0,1,2
2447,73,2445,0,1,2
2448,92,2446,0,1,2
2449,46,2447,0,1,2
2450,72,2448,0,1,2
2451,92,2449,0,1,2
2452,154,2450,0,1,2
2453,46,2451,0,1,2
2454,73,2452,0,1,2
2455,92,2453,0,1,2
2456,118,2454,0,1,2
2457,46,2455,0,1,2
2458,52,2456,0,1,2
2459,72,2457,0,1,2
2460,148,2458,0,1,2
2461,46,2459,0,1,2
2462,51,2460,0,1,2
2463,92,2461,0,1,2
2464,142,2462,0,1,2
2465,46,2463,0,1,2
2466,75,2464,0,1,2
2467,118,2465,0,1,2
2468,148,2466,0,1,2
2469,46,2467,0,1,2
2470,51,2468,0,1,2
2471,83,2469,0,1,2
2472,142,2470,0,1,2
2473,46,2471,0,1,2
2474,72,2472,0,1,2
2475,164,2473,0,1,2
2476,170,2474,0,1,2
2477,46,2475,0,1,2
2478,141,2476,0,1,2
2479,146,2477,0,1,2
2480,179,2478,0,1,2
2481,47,2479,0,1,2
2482,52,2480,0,1,2
2483,114,2481,0,1,2
2484,118,2482,0,1,2
2485,47,2483,0,1,2
2486,52,2484,0,1,2
2487,145,2485,0,1,2
2488,180,2486,0,1,2
2489,47,2487,0,1,2
2490,49,2488,0,1,2
2491,143,2489,0,1,2
2492,187,2490,0,1,2
2493,47,2491,0,1,2
2494,52,2492,0,1,2
2495,114,2493,0,1,2
2496,141,2494,0,1,2
2497,47,2495,0,1,2
2498,91,2496,0,1,2
2499,107,2497,0,1,2
2500,144,2498,0,1,2
2501,47,2499,0,1,2
2502,52,2500,0,1,2
2503,145,2501,0,1,2
2504,180,2502,0,1,2
2505,47,2503,0,1,2
2506,92,2504,0,1,2
2507,141,2505,0,1,2
2508,181,2506,0,1,2
2509,47,2507,0,1,2
2510,72,2508,0,1,2
2511,91,2509,0,1,2
2512,187,2510,0,1,2
2513,47,2511,0,1,2
2514,135,2512,0,1,2
2515,146,2513,0,1,2
2516,181,2514,0,1,2
2517,47,2515,0,1,2
2518,51,2516,0,1,2
2519,74,2517,0,1,2
2520,187,2518,0,1,2
2521,47,2519,0,1,2
2522,91,2520,0,1,2
2523,141,2521,0,1,2
2524,47,2522,0,1,2
2525,92,2523,0,1,2
2526,153,2524,0,1,2
2527,180,2525,0,1,2
2528,47,2526,0,1,2
2529,72,2527,0,1,2
2530,91,2528,0,1,2
2531,170,2529,0,1,2
2532,47,2530,0,1,2
2533,51,2531,0,1,2
2534,91,2532,0,1,2
2535,124,2533,0,1,2
2536,47,2534,0,1,2
2537,52,2535,0,1,2
2538,118,2536,0,1,2
2539,143,2537,0,1,2
2540,47,2538,0,1,2
2541,52,2539,0,1,2
2542,72,2540,0,1,2
2543,147,2541,0,1,2
2544,47,2542,0,1,2
2545,72,2543,0,1,2
2546,143,2544,0,1,2
2547,187,2545,0,1,2
2548,47,2546,0,1,2
2549,51,2547,0,1,2
2550,75,2548,0,1,2
2551,114,2549,0,1,2
2552,47,2550,0,1,2
2553,75,2551,0,1,2
2554,145,2552,0,1,2
2555,180,2553,0,1,2
2556,47,2554,0,1,2
2557,72,2555,0,1,2
2558,91,2556,0,1,2
2559,106,2557,0,1,2
2560,47,2558,0,1,2
2561,114,2559,0,1,2
2562,144,2560,0,1,2
2563,180,2561,0,1,2
2564,48,2562,0,1,2
2565,72,2563,0,1,2
2566,102,2564,0,1,2
2567,191,2565,0,1,2
2568,48,2566,0,1,2
2569,76,2567,0,1,2
2570,183,2568,0,1,2
2571,191,2569,0,1,2
2572,48,2570,0,1,2
2573,135,2571,0,1,2
2574,154,2572,0,1,2
2575,187,2573,0,1,2
2576,48,2574,0,1,2
2577,76,2575,0,1,2
2578,183,2576,0,1,2
2579,191,2577,0,1,2
2580,48,2578,0,1,2
2581,76,2579,0,1,2
2582,106,2580,0,1,2
2583,183,2581,0,1,2
2584,48,2582,0,1,2
2585,76,2583,0,1,2
2586,191,2584,0,1,2
2587,48,2585,0,1,2
2588,76,2586,0,1,2
2589,103,2587,0,1,2
2590,48,2588,0,1,2
2591,76,2589,0,1,2
2592,187,2590,0,1,2
2593,48,2591,0,1,2
2594,102,2592,0,1,2
2595,135,2593,0,1,2
2596,146,2594,0,1,2
2597,48,2595,0,1,2
2598,135,2596,0,1,2
2599,154,2597,0,1,2
2600,187,2598,0,1,2
2601,48,2599,0,1,2
2602,76,2600,0,1,2
2603,106,2601,0,1,2
2604,148,2602,0,1,2
2605,48,2603,0,1,2
2606,78,2604,0,1,2
2607,113,2605,0,1,2
2608,162,2606,0,1,2
2609,48,2607,0,1,2
2610,103,2608,0,1,2
2611,135,2609,0,1,2
2612,48,2610,0,1,2
2613,103,2611,0,1,2
2614,120,2612,0,1,2
2615,48,2613,0,1,2
2616,135,2614,0,1,2
2617,187,2615,0,1,2
2618,48,2616,0,1,2
2619,107,2617,0,1,2
2620,133,2618,0,1,2
2621,49,2619,0,1,2
2622,73,2620,0,1,2
2623,144,2621,0,1,2
2624,147,2622,0,1,2
2625,49,2623,0,1,2
2626,99,2624,0,1,2
2627,145,2625,0,1,2
2628,179,2626,0,1,2
2629,49,2627,0,1,2
2630,75,2628,0,1,2
2631,114,2629,0,1,2
2632,179,2630,0,1,2
2633,49,2631,0,1,2
2634,134,2632,0,1,2
2635,183,2633,0,1,2
2636,191,2634,0,1,2
2637,49,2635,0,1,2
2638,75,2636,0,1,2
2639,142,2637,0,1,2
2640,145,2638,0,1,2
2641,49,2639,0,1,2
2642,142,2640,0,1,2
2643,153,2641,0,1,2
2644,178,2642,0,1,2
2645,49,2643,0,1,2
2646,99,2644,0,1,2
2647,143,2645,0,1,2
2648,154,2646,0,1,2
2649,49,2647,0,1,2
2650,114,2648,0,1,2
2651,154,2649,0,1,2
2652,178,2650,0,1,2
2653,49,2651,0,1,2
2654,139,2652,0,1,2
2655,152,2653,0,1,2
2656,195,2654,0,1,2
2657,49,2655,0,1,2
2658,143,2656,0,1,2
2659,146,2657,0,1,2
2660,179,2658,0,1,2
2661,49,2659,0,1,2
2662,74,2660,0,1,2
2663,146,2661,0,1,2
2664,179,2662,0,1,2
2665,50,2663,0,1,2
2666,177,2664,0,1,2
2667,191,2665,0,1,2
2668,50,2666,0,1,2
2669,141,2667,0,1,2
2670,154,2668,0,1,2
2671,178,2669,0,1,2
2672,50,2670,0,1,2
2673,107,2671,0,1,2
2674,133,2672,0,1,2
2675,159,2673,0,1,2
2676,50,2674,0,1,2
2677,135,2675,0,1,2
2678,148,2676,0,1,2
2679,178,2677,0,1,2
2680,50,2678,0,1,2
2681,99,2679,0,1,2
2682,141,2680,0,1,2
2683,179,2681,0,1,2
2684,50,2682,0,1,2
2685,177,2683,0,1,2
2686,50,2684,0,1,2
2687,73,2685,0,1,2
2688,146,2686,0,1,2
2689,177,2687,0,1,2
2690,50,2688,0,1,2
2691,141,2689,0,1,2
2692,178,2690,0,1,2
2693,51,2691,0,1,2
2694,75,2692,0,1,2
2695,143,2693,0,1,2
2696,51,2694,0,1,2
2697,75,2695,0,1,2
2698,154,2696,0,1,2
2699,181,2697,0,1,2
2700,51,2698,0,1,2
2701,92,2699,0,1,2
2702,114,2700,0,1,2
2703,179,2701,0,1,2
2704,51,2702,0,1,2
2705,74,2703,0,1,2
2706,92,2704,0,1,2
2707,148,2705,0,1,2
2708,51,2706,0,1,2
2709,73,2707,0,1,2
2710,91,2708,0,1,2
2711,144,2709,0,1,2
2712,51,2710,0,1,2
2713,75,2711,0,1,2
2714,148,2712,0,1,2
2715,181,2713,0,1,2
2716,51,2714,0,1,2
2717,142,2715,0,1,2
2718,146,2716,0,1,2
2719,181,2717,0,1,2
2720,51,2718,0,1,2
2721,92,2719,0,1,2
2722,143,2720,0,1,2
2723,154,2721,0,1,2
2724,51,2722,0,1,2
2725,73,2723,0,1,2
2726,91,2724,0,1,2
2727,146,2725,0,1,2
2728,51,2726,0,1,2
2729,91,2727,0,1,2
2730,146,2728,0,1,2
2731,52,2729,0,1,2
2732,73,2730,0,1,2
2733,114,2731,0,1,2
2734,180,2732,0,1,2
2735,52,2733,0,1,2
2736,72,2734,0,1,2
2737,142,2735,0,1,2
2738,153,2736,0,1,2
2739,52,2737,0,1,2
2740,72,2738,0,1,2
2741,142,2739,0,1,2
2742,153,2740,0,1,2
2743,52,2741,0,1,2
2744,91,2742,0,1,2
2745,141,2743,0,1,2
2746,154,2744,0,1,2
2747,52,2745,0,1,2
2748,142,2746,0,1,2
2749,153,2747,0,1,2
2750,180,2748,0,1,2
2751,52,2749,0,1,2
2752,73,2750,0,1,2
2753,91,2751,0,1,2
2754,107,2752,0,1,2
2755,52,2753,0,1,2
2756,91,2754,0,1,2
2757,154,2755,0,1,2
2758,180,2756,0,1,2
2759,53,2757,0,1,2
2760,112,2758,0,1,2
2761,123,2759,0,1,2
2762,156,2760,0,1,2
2763,53,2761,0,1,2
2764,79,2762,0,1,2
2765,126,2763,0,1,2
2766,189,2764,0,1,2
2767,53,2765,0,1,2
2768,100,2766,0,1,2
2769,112,2767,0,1,2
2770,165,2768,0,1,2
2771,53,2769,0,1,2
2772,83,2770,0,1,2
2773,123,2771,0,1,2
2774,196,2772,0,1,2
2775,53,2773,0,1,2
2776,124,2774,0,1,2
2777,155,2775,0,1,2
2778,53,2776,0,1,2
2779,78,2777,0,1,2
2780,117,2778,0,1,2
2781,163,2779,0,1,2
2782,53,2780,0,1,2
2783,112,2781,0,1,2
2784,130,2782,0,1,2
2785,185,2783,0,1,2
2786,53,2784,0,1,2
2787,116,2785,0,1,2
2788,147,2786,0,1,2
2789,170,2787,0,1,2
2790,53,2788,0,1,2
2791,156,2789,0,1,2
2792,163,2790,0,1,2
2793,188,2791,0,1,2
2794,53,2792,0,1,2
2795,83,2793,0,1,2
2796,112,2794,0,1,2
2797,123,2795,0,1,2
2798,53,2796,0,1,2
2799,121,2797,0,1,2
2800,156,2798,0,1,2
2801,53,2799,0,1,2
2802,100,2800,0,1,2
2803,124,2801,0,1,2
2804,190,2802,0,1,2
2805,53,2803,0,1,2
2806,121,2804,0,1,2
2807,156,2805,0,1,2
2808,53,2806,0,1,2
2809,112,2807,0,1,2
2810,165,2808,0,1,2
2811,6,2809,0,1,2
2812,53,2810,0,1,2
2813,82,2811,0,1,2
2814,116,2812,0,1,2
2815,124,2813,0,1,2
2816,53,2814,0,1,2
2817,112,2815,0,1,2
2818,165,2816,0,1,2
2819,6,2817,0,1,2
2820,54,2818,0,1,2
2821,66,2819,0,1,2
2822,127,2820,0,1,2
2823,54,2821,0,1,2
2824,87,2822,0,1,2
2825,110,2823,0,1,2
2826,123,2824,0,1,2
2827,54,2825,0,1,2
2828,117,2826,0,1,2
2829,128,2827,0,1,2
2830,54,2828,0,1,2
2831,113,2829,0,1,2
2832,54,2830,0,1,2
2833,66,2831,0,1,2
2834,87,2832,0,1,2
2835,54,2833,0,1,2
2836,66,2834,0,1,2
2837,127,2835,0,1,2
2838,186,2836,0,1,2
2839,54,2837,0,1,2
2840,66,2838,0,1,2
2841,108,2839,0,1,2
2842,110,2840,0,1,2
2843,54,2841,0,1,2
2844,128,2842,0,1,2
2845,167,2843,0,1,2
2846,55,2844,0,1,2
2847,60,2845,0,1,2
2848,77,2846,0,1,2
2849,55,2847,0,1,2
2850,83,2848,0,1,2
2851,115,2849,0,1,2
2852,126,2850,0,1,2
2853,55,2851,0,1,2
2854,83,2852,0,1,2
2855,147,2853,0,1,2
2856,164,2854,0,1,2
2857,55,2855,0,1,2
2858,81,2856,0,1,2
2859,166,2857,0,1,2
2860,170,2858,0,1,2
2861,55,2859,0,1,2
2862,82,2860,0,1,2
2863,125,2861,0,1,2
2864,185,2862,0,1,2
2865,55,2863,0,1,2
2866,112,2864,0,1,2
2867,170,2865,0,1,2
2868,192,2866,0,1,2
2869,55,2867,0,1,2
2870,125,2868,0,1,2
2871,165,2869,0,1,2
2872,168,2870,0,1,2
2873,55,2871,0,1,2
2874,83,2872,0,1,2
2875,109,2873,0,1,2
2876,121,2874,0,1,2
2877,55,2875,0,1,2
2878,126,2876,0,1,2
2879,170,2877,0,1,2
2880,192,2878,0,1,2
2881,56,2879,0,1,2
2882,56,2880,0,1,2
2883,56,2881,0,1,2
2884,56,2882,0,1,2
2885,56,2883,0,1,2
2886,56,2884,0,1,2
2887,56,2885,0,1,2
2888,56,2886,0,1,2
2889,56,2887,0,1,2
2890,56,2888,0,1,2
2891,56,2889,0,1,2
2892,56,2890,0,1,2
2893,56,2891,0,1,2
2894,56,2892,0,1,2
2895,60,2893,0,1,2
2896,85,2894,0,1,2
2897,101,2895,0,1,2
2898,60,2896,0,1,2
2899,125,2897,0,1,2
2900,188,2898,0,1,2
2901,60,2899,0,1,2
2902,85,2900,0,1,2
2903,127,2901,0,1,2
2904,60,2902,0,1,2
2905,77,2903,0,1,2
2906,188,2904,0,1,2
2907,60,2905,0,1,2
2908,188,2906,0,1,2
2909,197,2907,0,1,2
2910,60,2908,0,1,2
2911,122,2909,0,1,2
2912,60,2910,0,1,2
2913,77,2911,0,1,2
2914,60,2912,0,1,2
2915,62,2913,0,1,2
2916,77,2914,0,1,2
2917,162,2915,0,1,2
2918,188,2916,0,1,2
2919,62,2917,0,1,2
2920,77,2918,0,1,2
2921,188,2919,0,1,2
2922,62,2920,0,1,2
2923,79,2921,0,1,2
2924,115,2922,0,1,2
2925,62,2923,0,1,2
2926,117,2924,0,1,2
2927,122,2925,0,1,2
2928,62,2926,0,1,2
2929,79,2927,0,1,2
2930,113,2928,0,1,2
2931,62,2929,0,1,2
2932,157,2930,0,1,2
2933,197,2931,0,1,2
2934,62,2932,0,1,2
2935,77,2933,0,1,2
2936,155,2934,0,1,2
2937,62,2935,0,1,2
2938,79,2936,0,1,2
2939,115,2937,0,1,2
2940,62,2938,0,1,2
2941,64,2939,0,1,2
2942,66,2940,0,1,2
2943,87,2941,0,1,2
2944,64,2942,0,1,2
2945,79,2943,0,1,2
2946,122,2944,0,1,2
2947,64,2945,0,1,2
2948,85,2946,0,1,2
2949,64,2947,0,1,2
2950,84,2948,0,1,2
2951,64,2949,0,1,2
2952,125,2950,0,1,2
2953,169,2951,0,1,2
2954,64,2952,0,1,2
2955,164,2953,0,1,2
2956,169,2954,0,1,2
2957,64,2955,0,1,2
2958,159,2956,0,1,2
2959,169,2957,0,1,2
2960,66,2958,0,1,2
2961,88,2959,0,1,2
2962,101,2960,0,1,2
2963,66,2961,0,1,2
2964,88,2962,0,1,2
2965,108,2963,0,1,2
2966,66,2964,0,1,2
2967,87,2965,0,1,2
2968,88,2966,0,1,2
2969,66,2967,0,1,2
2970,110,2968,0,1,2
2971,66,2969,0,1,2
2972,87,2970,0,1,2
2973,128,2971,0,1,2
2974,66,2972,0,1,2
2975,87,2973,0,1,2
2976,88,2974,0,1,2
2977,110,2975,0,1,2
2978,66,2976,0,1,2
2979,171,2977,0,1,2
2980,66,2978,0,1,2
2981,86,2979,0,1,2
2982,127,2980,0,1,2
2983,66,2981,0,1,2
2984,87,2982,0,1,2
2985,88,2983,0,1,2
2986,66,2984,0,1,2
2987,88,2985,0,1,2
2988,115,2986,0,1,2
2989,66,2987,0,1,2
2990,87,2988,0,1,2
2991,88,2989,0,1,2
2992,66,2990,0,1,2
2993,87,2991,0,1,2
2994,88,2992,0,1,2
2995,66,2993,0,1,2
2996,108,2994,0,1,2
2997,110,2995,0,1,2
2998,66,2996,0,1,2
2999,108,2997,0,1,2
3000,129,2998,0,1,2
3001,66,2999,0,1,2
3002,101,3000,0,1,2
3003,110,3001,0,1,2
3004,66,3002,0,1,2
3005,87,3003,0,1,2
3006,110,3004,0,1,2
3007,66,3005,0,1,2
3008,88,3006,0,1,2
3009,94,3007,0,1,2
3010,66,3008,0,1,2
3011,101,3009,0,1,2
3012,110,3010,0,1,2
3013,67,3011,0,1,2
3014,97,3012,0,1,2
3015,140,3013,0,1,2
3016,151,3014,0,1,2
3017,67,3015,0,1,2
3018,98,3016,0,1,2
3019,132,3017,0,1,2
3020,152,3018,0,1,2
3021,67,3019,0,1,2
3022,96,3020,0,1,2
3023,138,3021,0,1,2
3024,151,3022,0,1,2
3025,67,3023,0,1,2
3026,96,3024,0,1,2
3027,173,3025,0,1,2
3028,195,3026,0,1,2
3029,67,3027,0,1,2
3030,96,3028,0,1,2
3031,138,3029,0,1,2
3032,151,3030,0,1,2
3033,67,3031,0,1,2
3034,96,3032,0,1,2
3035,149,3033,0,1,2
3036,173,3034,0,1,2
3037,68,3035,0,1,2
3038,96,3036,0,1,2
3039,139,3037,0,1,2
3040,68,3038,0,1,2
3041,98,3039,0,1,2
3042,152,3040,0,1,2
3043,172,3041,0,1,2
3044,69,3042,0,1,2
3045,136,3043,0,1,2
3046,152,3044,0,1,2
3047,195,3045,0,1,2
3048,69,3046,0,1,2
3049,89,3047,0,1,2
3050,137,3048,0,1,2
3051,195,3049,0,1,2
3052,70,3050,0,1,2
3053,95,3051,0,1,2
3054,149,3052,0,1,2
3055,172,3053,0,1,2
3056,70,3054,0,1,2
3057,98,3055,0,1,2
3058,136,3056,0,1,2
3059,195,3057,0,1,2
3060,71,3058,0,1,2
3061,98,3059,0,1,2
3062,132,3060,0,1,2
3063,152,3061,0,1,2
3064,72,3062,0,1,2
3065,102,3063,0,1,2
3066,134,3064,0,1,2
3067,146,3065,0,1,2
3068,72,3066,0,1,2
3069,99,3067,0,1,2
3070,153,3068,0,1,2
3071,179,3069,0,1,2
3072,72,3070,0,1,2
3073,102,3071,0,1,2
3074,143,3072,0,1,2
3075,146,3073,0,1,2
3076,73,3074,0,1,2
3077,107,3075,0,1,2
3078,153,3076,0,1,2
3079,178,3077,0,1,2
3080,73,3078,0,1,2
3081,106,3079,0,1,2
3082,114,3080,0,1,2
3083,177,3081,0,1,2
3084,73,3082,0,1,2
3085,92,3083,0,1,2
3086,107,3084,0,1,2
3087,114,3085,0,1,2
3088,73,3086,0,1,2
3089,143,3087,0,1,2
3090,146,3088,0,1,2
3091,180,3089,0,1,2
3092,73,3090,0,1,2
3093,91,3091,0,1,2
3094,141,3092,0,1,2
3095,146,3093,0,1,2
3096,73,3094,0,1,2
3097,92,3095,0,1,2
3098,107,3096,0,1,2
3099,181,3097,0,1,2
3100,74,3098,0,1,2
3101,99,3099,0,1,2
3102,102,3100,0,1,2
3103,118,3101,0,1,2
3104,74,3102,0,1,2
3105,102,3103,0,1,2
3106,107,3104,0,1,2
3107,170,3105,0,1,2
3108,74,3106,0,1,2
3109,102,3107,0,1,2
3110,177,3108,0,1,2
3111,187,3109,0,1,2
3112,74,3110,0,1,2
3113,106,3111,0,1,2
3114,141,3112,0,1,2
3115,148,3113,0,1,2
3116,74,3114,0,1,2
3117,107,3115,0,1,2
3118,144,3116,0,1,2
3119,179,3117,0,1,2
3120,74,3118,0,1,2
3121,92,3119,0,1,2
3122,148,3120,0,1,2
3123,177,3121,0,1,2
3124,74,3122,0,1,2
3125,115,3123,0,1,2
3126,130,3124,0,1,2
3127,165,3125,0,1,2
3128,75,3126,0,1,2
3129,95,3127,0,1,2
3130,136,3128,0,1,2
3131,149,3129,0,1,2
3132,75,3130,0,1,2
3133,118,3131,0,1,2
3134,134,3132,0,1,2
3135,75,3133,0,1,2
3136,118,3134,0,1,2
3137,148,3135,0,1,2
3138,181,3136,0,1,2
3139,75,3137,0,1,2
3140,102,3138,0,1,2
3141,135,3139,0,1,2
3142,153,3140,0,1,2
3143,76,3141,0,1,2
3144,145,3142,0,1,2
3145,183,3143,0,1,2
3146,187,3144,0,1,2
3147,76,3145,0,1,2
3148,147,3146,0,1,2
3149,179,3147,0,1,2
3150,191,3148,0,1,2
3151,76,3149,0,1,2
3152,145,3150,0,1,2
3153,183,3151,0,1,2
3154,187,3152,0,1,2
3155,77,3153,0,1,2
3156,117,3154,0,1,2
3157,121,3155,0,1,2
3158,77,3156,0,1,2
3159,124,3157,0,1,2
3160,157,3158,0,1,2
3161,196,3159,0,1,2
3162,77,3160,0,1,2
3163,117,3161,0,1,2
3164,121,3162,0,1,2
3165,77,3163,0,1,2
3166,157,3164,0,1,2
3167,196,3165,0,1,2
3168,77,3166,0,1,2
3169,163,3167,0,1,2
3170,77,3168,0,1,2
3171,111,3169,0,1,2
3172,121,3170,0,1,2
3173,77,3171,0,1,2
3174,121,3172,0,1,2
3175,77,3173,0,1,2
3176,117,3174,0,1,2
3177,119,3175,0,1,2
3178,160,3176,0,1,2
3179,78,3177,0,1,2
3180,122,3178,0,1,2
3181,196,3179,0,1,2
3182,78,3180,0,1,2
3183,109,3181,0,1,2
3184,117,3182,0,1,2
3185,147,3183,0,1,2
3186,78,3184,0,1,2
3187,113,3185,0,1,2
3188,116,3186,0,1,2
3189,147,3187,0,1,2
3190,78,3188,0,1,2
3191,117,3189,0,1,2
3192,122,3190,0,1,2
3193,196,3191,0,1,2
3194,78,3192,0,1,2
3195,131,3193,0,1,2
3196,188,3194,0,1,2
3197,196,3195,0,1,2
3198,78,3196,0,1,2
3199,109,3197,0,1,2
3200,121,3198,0,1,2
3201,155,3199,0,1,2
3202,78,3200,0,1,2
3203,109,3201,0,1,2
3204,121,3202,0,1,2
3205,78,3203,0,1,2
3206,109,3204,0,1,2
3207,158,3205,0,1,2
3208,190,3206,0,1,2
3209,78,3207,0,1,2
3210,122,3208,0,1,2
3211,163,3209,0,1,2
3212,6,3210,0,1,2
3213,78,3211,0,1,2
3214,123,3212,0,1,2
3215,148,3213,0,1,2
3216,196,3214,0,1,2
3217,79,3215,0,1,2
3218,115,3216,0,1,2
3219,128,3217,0,1,2
3220,185,3218,0,1,2
3221,79,3219,0,1,2
3222,111,3220,0,1,2
3223,113,3221,0,1,2
3224,147,3222,0,1,2
3225,79,3223,0,1,2
3226,126,3224,0,1,2
3227,164,3225,0,1,2
3228,170,3226,0,1,2
3229,79,3227,0,1,2
3230,115,3228,0,1,2
3231,168,3229,0,1,2
3232,189,3230,0,1,2
3233,79,3231,0,1,2
3234,112,3232,0,1,2
3235,164,3233,0,1,2
3236,170,3234,0,1,2
3237,79,3235,0,1,2
3238,126,3236,0,1,2
3239,148,3237,0,1,2
3240,170,3238,0,1,2
3241,79,3239,0,1,2
3242,111,3240,0,1,2
3243,125,3241,0,1,2
3244,147,3242,0,1,2
3245,79,3243,0,1,2
3246,105,3244,0,1,2
3247,125,3245,0,1,2
3248,189,3246,0,1,2
3249,79,3247,0,1,2
3250,93,3248,0,1,2
3251,164,3249,0,1,2
3252,168,3250,0,1,2
3253,79,3251,0,1,2
3254,93,3252,0,1,2
3255,125,3253,0,1,2
3256,168,3254,0,1,2
3257,81,3255,0,1,2
3258,124,3256,0,1,2
3259,160,3257,0,1,2
3260,169,3258,0,1,2
3261,81,3259,0,1,2
3262,116,3260,0,1,2
3263,168,3261,0,1,2
3264,81,3262,0,1,2
3265,100,3263,0,1,2
3266,126,3264,0,1,2
3267,170,3265,0,1,2
3268,81,3266,0,1,2
3269,124,3267,0,1,2
3270,157,3268,0,1,2
3271,168,3269,0,1,2
3272,81,3270,0,1,2
3273,124,3271,0,1,2
3274,169,3272,0,1,2
3275,81,3273,0,1,2
3276,124,3274,0,1,2
3277,168,3275,0,1,2
3278,6,3276,0,1,2
3279,81,3277,0,1,2
3280,130,3278,0,1,2
3281,168,3279,0,1,2
3282,81,3280,0,1,2
3283,116,3281,0,1,2
3284,156,3282,0,1,2
3285,168,3283,0,1,2
3286,81,3284,0,1,2
3287,124,3285,0,1,2
3288,147,3286,0,1,2
3289,184,3287,0,1,2
3290,81,3288,0,1,2
3291,147,3289,0,1,2
3292,169,3290,0,1,2
3293,81,3291,0,1,2
3294,100,3292,0,1,2
3295,128,3293,0,1,2
3296,185,3294,0,1,2
3297,81,3295,0,1,2
3298,157,3296,0,1,2
3299,168,3297,0,1,2
3300,185,3298,0,1,2
3301,81,3299,0,1,2
3302,168,3300,0,1,2
3303,185,3301,0,1,2
3304,81,3302,0,1,2
3305,170,3303,0,1,2
3306,184,3304,0,1,2
3307,196,3305,0,1,2
3308,82,3306,0,1,2
3309,116,3307,0,1,2
3310,185,3308,0,1,2
3311,192,3309,0,1,2
3312,82,3310,0,1,2
3313,129,3311,0,1,2
3314,148,3312,0,1,2
3315,184,3313,0,1,2
3316,82,3314,0,1,2
3317,113,3315,0,1,2
3318,170,3316,0,1,2
3319,184,3317,0,1,2
3320,82,3318,0,1,2
3321,100,3319,0,1,2
3322,125,3320,0,1,2
3323,185,3321,0,1,2
3324,82,3322,0,1,2
3325,116,3323,0,1,2
3326,185,3324,0,1,2
3327,192,3325,0,1,2
3328,82,3326,0,1,2
3329,93,3327,0,1,2
3330,113,3328,0,1,2
3331,155,3329,0,1,2
3332,82,3330,0,1,2
3333,115,3331,0,1,2
3334,123,3332,0,1,2
3335,170,3333,0,1,2
3336,82,3334,0,1,2
3337,130,3335,0,1,2
3338,189,3336,0,1,2
3339,192,3337,0,1,2
3340,82,3338,0,1,2
3341,157,3339,0,1,2
3342,164,3340,0,1,2
3343,185,3341,0,1,2
3344,82,3342,0,1,2
3345,116,3343,0,1,2
3346,185,3344,0,1,2
3347,192,3345,0,1,2
3348,82,3346,0,1,2
3349,164,3347,0,1,2
3350,170,3348,0,1,2
3351,184,3349,0,1,2
3352,82,3350,0,1,2
3353,115,3351,0,1,2
3354,124,3352,0,1,2
3355,6,3353,0,1,2
3356,82,3354,0,1,2
3357,125,3355,0,1,2
3358,156,3356,0,1,2
3359,6,3357,0,1,2
3360,82,3358,0,1,2
3361,109,3359,0,1,2
3362,155,3360,0,1,2
3363,165,3361,0,1,2
3364,82,3362,0,1,2
3365,93,3363,0,1,2
3366,109,3364,0,1,2
3367,169,3365,0,1,2
3368,82,3366,0,1,2
3369,100,3367,0,1,2
3370,125,3368,0,1,2
3371,165,3369,0,1,2
3372,82,3370,0,1,2
3373,125,3371,0,1,2
3374,157,3372,0,1,2
3375,165,3373,0,1,2
3376,82,3374,0,1,2
3377,113,3375,0,1,2
3378,116,3376,0,1,2
3379,165,3377,0,1,2
3380,82,3378,0,1,2
3381,130,3379,0,1,2
3382,164,3380,0,1,2
3383,185,3381,0,1,2
3384,83,3382,0,1,2
3385,112,3383,0,1,2
3386,113,3384,0,1,2
3387,157,3385,0,1,2
3388,83,3386,0,1,2
3389,112,3387,0,1,2
3390,113,3388,0,1,2
3391,169,3389,0,1,2
3392,83,3390,0,1,2
3393,105,3391,0,1,2
3394,123,3392,0,1,2
3395,192,3393,0,1,2
3396,83,3394,0,1,2
3397,115,3395,0,1,2
3398,126,3396,0,1,2
3399,169,3397,0,1,2
3400,83,3398,0,1,2
3401,116,3399,0,1,2
3402,126,3400,0,1,2
3403,171,3401,0,1,2
3404,83,3402,0,1,2
3405,101,3403,0,1,2
3406,166,3404,0,1,2
3407,169,3405,0,1,2
3408,83,3406,0,1,2
3409,148,3407,0,1,2
3410,160,3408,0,1,2
3411,180,3409,0,1,2
3412,83,3410,0,1,2
3413,109,3411,0,1,2
3414,112,3412,0,1,2
3415,169,3413,0,1,2
3416,83,3414,0,1,2
3417,115,3415,0,1,2
3418,160,3416,0,1,2
3419,6,3417,0,1,2
3420,83,3418,0,1,2
3421,135,3419,0,1,2
3422,163,3420,0,1,2
3423,192,3421,0,1,2
3424,84,3422,0,1,2
3425,119,3423,0,1,2
3426,147,3424,0,1,2
3427,188,3425,0,1,2
3428,84,3426,0,1,2
3429,119,3427,0,1,2
3430,147,3428,0,1,2
3431,188,3429,0,1,2
3432,84,3430,0,1,2
3433,156,3431,0,1,2
3434,160,3432,0,1,2
3435,84,3433,0,1,2
3436,119,3434,0,1,2
3437,188,3435,0,1,2
3438,84,3436,0,1,2
3439,156,3437,0,1,2
3440,188,3438,0,1,2
3441,196,3439,0,1,2
3442,84,3440,0,1,2
3443,105,3441,0,1,2
3444,157,3442,0,1,2
3445,84,3443,0,1,2
3446,84,3444,0,1,2
3447,121,3445,0,1,2
3448,156,3446,0,1,2
3449,6,3447,0,1,2
3450,84,3448,0,1,2
3451,117,3449,0,1,2
3452,119,3450,0,1,2
3453,163,3451,0,1,2
3454,84,3452,0,1,2
3455,119,3453,0,1,2
3456,157,3454,0,1,2
3457,84,3455,0,1,2
3458,117,3456,0,1,2
3459,119,3457,0,1,2
3460,84,3458,0,1,2
3461,156,3459,0,1,2
3462,84,3460,0,1,2
3463,119,3461,0,1,2
3464,188,3462,0,1,2
3465,84,3463,0,1,2
3466,94,3464,0,1,2
3467,188,3465,0,1,2
3468,85,3466,0,1,2
3469,115,3467,0,1,2
3470,129,3468,0,1,2
3471,186,3469,0,1,2
3472,85,3470,0,1,2
3473,127,3471,0,1,2
3474,166,3472,0,1,2
3475,85,3473,0,1,2
3476,88,3474,0,1,2
3477,110,3475,0,1,2
3478,122,3476,0,1,2
3479,85,3477,0,1,2
3480,127,3478,0,1,2
3481,186,3479,0,1,2
3482,85,3480,0,1,2
3483,101,3481,0,1,2
3484,129,3482,0,1,2
3485,166,3483,0,1,2
3486,85,3484,0,1,2
3487,115,3485,0,1,2
3488,186,3486,0,1,2
3489,85,3487,0,1,2
3490,88,3488,0,1,2
3491,108,3489,0,1,2
3492,166,3490,0,1,2
3493,85,3491,0,1,2
3494,129,3492,0,1,2
3495,171,3493,0,1,2
3496,186,3494,0,1,2
3497,85,3495,0,1,2
3498,94,3496,0,1,2
3499,127,3497,0,1,2
3500,85,3498,0,1,2
3501,101,3499,0,1,2
3502,128,3500,0,1,2
3503,85,3501,0,1,2
3504,94,3502,0,1,2
3505,119,3503,0,1,2
3506,85,3504,0,1,2
3507,101,3505,0,1,2
3508,129,3506,0,1,2
3509,85,3507,0,1,2
3510,88,3508,0,1,2
3511,192,3509,0,1,2
3512,85,3510,0,1,2
3513,127,3511,0,1,2
3514,166,3512,0,1,2
3515,85,3513,0,1,2
3516,101,3514,0,1,2
3517,110,3515,0,1,2
3518,161,3516,0,1,2
3519,85,3517,0,1,2
3520,127,3518,0,1,2
3521,186,3519,0,1,2
3522,85,3520,0,1,2
3523,108,3521,0,1,2
3524,110,3522,0,1,2
3525,86,3523,0,1,2
3526,101,3524,0,1,2
3527,128,3525,0,1,2
3528,167,3526,0,1,2
3529,86,3527,0,1,2
3530,128,3528,0,1,2
3531,167,3529,0,1,2
3532,171,3530,0,1,2
3533,86,3531,0,1,2
3534,128,3532,0,1,2
3535,157,3533,0,1,2
3536,171,3534,0,1,2
3537,86,3535,0,1,2
3538,94,3536,0,1,2
3539,192,3537,0,1,2
3540,86,3538,0,1,2
3541,100,3539,0,1,2
3542,112,3540,0,1,2
3543,164,3541,0,1,2
3544,86,3542,0,1,2
3545,101,3543,0,1,2
3546,128,3544,0,1,2
3547,167,3545,0,1,2
3548,87,3546,0,1,2
3549,155,3547,0,1,2
3550,186,3548,0,1,2
3551,87,3549,0,1,2
3552,94,3550,0,1,2
3553,167,3551,0,1,2
3554,87,3552,0,1,2
3555,119,3553,0,1,2
3556,163,3554,0,1,2
3557,169,3555,0,1,2
3558,87,3556,0,1,2
3559,128,3557,0,1,2
3560,130,3558,0,1,2
3561,161,3559,0,1,2
3562,87,3560,0,1,2
3563,116,3561,0,1,2
3564,128,3562,0,1,2
3565,87,3563,0,1,2
3566,94,3564,0,1,2
3567,167,3565,0,1,2
3568,89,3566,0,1,2
3569,139,3567,0,1,2
3570,149,3568,0,1,2
3571,175,3569,0,1,2
3572,89,3570,0,1,2
3573,139,3571,0,1,2
3574,150,3572,0,1,2
3575,175,3573,0,1,2
3576,89,3574,0,1,2
3577,137,3575,0,1,2
3578,174,3576,0,1,2
3579,90,3577,0,1,2
3580,136,3578,0,1,2
3581,151,3579,0,1,2
3582,175,3580,0,1,2
3583,91,3581,0,1,2
3584,107,3582,0,1,2
3585,109,3583,0,1,2
3586,144,3584,0,1,2
3587,91,3585,0,1,2
3588,118,3586,0,1,2
3589,142,3587,0,1,2
3590,178,3588,0,1,2
3591,91,3589,0,1,2
3592,146,3590,0,1,2
3593,180,3591,0,1,2
3594,92,3592,0,1,2
3595,148,3593,0,1,2
3596,153,3594,0,1,2
3597,180,3595,0,1,2
3598,92,3596,0,1,2
3599,143,3597,0,1,2
3600,148,3598,0,1,2
3601,180,3599,0,1,2
3602,92,3600,0,1,2
3603,141,3601,0,1,2
3604,145,3602,0,1,2
3605,179,3603,0,1,2
3606,93,3604,0,1,2
3607,115,3605,0,1,2
3608,123,3606,0,1,2
3609,196,3607,0,1,2
3610,93,3608,0,1,2
3611,116,3609,0,1,2
3612,125,3610,0,1,2
3613,166,3611,0,1,2
3614,93,3612,0,1,2
3615,115,3613,0,1,2
3616,126,3614,0,1,2
3617,184,3615,0,1,2
3618,93,3616,0,1,2
3619,112,3617,0,1,2
3620,125,3618,0,1,2
3621,6,3619,0,1,2
3622,93,3620,0,1,2
3623,116,3621,0,1,2
3624,126,3622,0,1,2
3625,164,3623,0,1,2
3626,93,3624,0,1,2
3627,118,3625,0,1,2
3628,142,3626,0,1,2
3629,181,3627,0,1,2
3630,94,3628,0,1,2
3631,157,3629,0,1,2
3632,197,3630,0,1,2
3633,94,3631,0,1,2
3634,119,3632,0,1,2
3635,155,3633,0,1,2
3636,94,3634,0,1,2
3637,129,3635,0,1,2
3638,155,3636,0,1,2
3639,171,3637,0,1,2
3640,94,3638,0,1,2
3641,129,3639,0,1,2
3642,167,3640,0,1,2
3643,94,3641,0,1,2
3644,127,3642,0,1,2
3645,167,3643,0,1,2
3646,94,3644,0,1,2
3647,129,3645,0,1,2
3648,157,3646,0,1,2
3649,171,3647,0,1,2
3650,94,3648,0,1,2
3651,129,3649,0,1,2
3652,167,3650,0,1,2
3653,94,3651,0,1,2
3654,108,3652,0,1,2
3655,155,3653,0,1,2
3656,94,3654,0,1,2
3657,119,3655,0,1,2
3658,157,3656,0,1,2
3659,94,3657,0,1,2
3660,108,3658,0,1,2
3661,167,3659,0,1,2
3662,94,3660,0,1,2
3663,108,3661,0,1,2
3664,167,3662,0,1,2
3665,96,3663,0,1,2
3666,139,3664,0,1,2
3667,174,3665,0,1,2
3668,96,3666,0,1,2
3669,139,3667,0,1,2
3670,150,3668,0,1,2
3671,172,3669,0,1,2
3672,96,3670,0,1,2
3673,151,3671,0,1,2
3674,172,3672,0,1,2
3675,195,3673,0,1,2
3676,96,3674,0,1,2
3677,138,3675,0,1,2
3678,151,3676,0,1,2
3679,172,3677,0,1,2
3680,97,3678,0,1,2
3681,140,3679,0,1,2
3682,173,3680,0,1,2
3683,194,3681,0,1,2
3684,97,3682,0,1,2
3685,140,3683,0,1,2
3686,173,3684,0,1,2
3687,194,3685,0,1,2
3688,97,3686,0,1,2
3689,140,3687,0,1,2
3690,151,3688,0,1,2
3691,172,3689,0,1,2
3692,99,3690,0,1,2
3693,118,3691,0,1,2
3694,143,3692,0,1,2
3695,179,3693,0,1,2
3696,99,3694,0,1,2
3697,102,3695,0,1,2
3698,135,3696,0,1,2
3699,153,3697,0,1,2
3700,99,3698,0,1,2
3701,141,3699,0,1,2
3702,153,3700,0,1,2
3703,100,3701,0,1,2
3704,115,3702,0,1,2
3705,126,3703,0,1,2
3706,189,3704,0,1,2
3707,100,3705,0,1,2
3708,111,3706,0,1,2
3709,126,3707,0,1,2
3710,159,3708,0,1,2
3711,100,3709,0,1,2
3712,113,3710,0,1,2
3713,165,3711,0,1,2
3714,190,3712,0,1,2
3715,100,3713,0,1,2
3716,164,3714,0,1,2
3717,168,3715,0,1,2
3718,189,3716,0,1,2
3719,100,3717,0,1,2
3720,112,3718,0,1,2
3721,125,3719,0,1,2
3722,170,3720,0,1,2
3723,100,3721,0,1,2
3724,164,3722,0,1,2
3725,168,3723,0,1,2
3726,185,3724,0,1,2
3727,101,3725,0,1,2
3728,128,3726,0,1,2
3729,167,3727,0,1,2
3730,101,3728,0,1,2
3731,129,3729,0,1,2
3732,130,3730,0,1,2
3733,101,3731,0,1,2
3734,116,3732,0,1,2
3735,129,3733,0,1,2
3736,101,3734,0,1,2
3737,116,3735,0,1,2
3738,129,3736,0,1,2
3739,102,3737,0,1,2
3740,114,3738,0,1,2
3741,135,3739,0,1,2
3742,178,3740,0,1,2
3743,102,3741,0,1,2
3744,114,3742,0,1,2
3745,141,3743,0,1,2
3746,102,3744,0,1,2
3747,106,3745,0,1,2
3748,114,3746,0,1,2
3749,177,3747,0,1,2
3750,102,3748,0,1,2
3751,135,3749,0,1,2
3752,153,3750,0,1,2
3753,182,3751,0,1,2
3754,103,3752,0,1,2
3755,135,3753,0,1,2
3756,145,3754,0,1,2
3757,183,3755,0,1,2
3758,103,3756,0,1,2
3759,107,3757,0,1,2
3760,134,3758,0,1,2
3761,154,3759,0,1,2
3762,105,3760,0,1,2
3763,108,3761,0,1,2
3764,124,3762,0,1,2
3765,6,3763,0,1,2
3766,105,3764,0,1,2
3767,108,3765,0,1,2
3768,130,3766,0,1,2
3769,166,3767,0,1,2
3770,135,3768,0,1,2
3771,160,3769,0,1,2
3772,182,3770,0,1,2
3773,118,3771,0,1,2
3774,124,3772,0,1,2
3775,181,3773,0,1,2
3776,135,3774,0,1,2
3777,190,3775,0,1,2
3778,130,3776,0,1,2
3779,165,3777,0,1,2
3780,168,3778,0,1,2
3781,106,3779,0,1,2
3782,135,3780,0,1,2
3783,145,3781,0,1,2
3784,179,3782,0,1,2
3785,107,3783,0,1,2
3786,144,3784,0,1,2
3787,148,3785,0,1,2
3788,181,3786,0,1,2
3789,107,3787,0,1,2
3790,122,3788,0,1,2
3791,163,3789,0,1,2
3792,108,3790,0,1,2
3793,110,3791,0,1,2
3794,117,3792,0,1,2
3795,108,3793,0,1,2
3796,130,3794,0,1,2
3797,166,3795,0,1,2
3798,108,3796,0,1,2
3799,167,3797,0,1,2
3800,186,3798,0,1,2
3801,108,3799,0,1,2
3802,130,3800,0,1,2
3803,166,3801,0,1,2
3804,108,3802,0,1,2
3805,130,3803,0,1,2
3806,166,3804,0,1,2
3807,108,3805,0,1,2
3808,129,3806,0,1,2
3809,167,3807,0,1,2
3810,122,3808,0,1,2
3811,156,3809,0,1,2
3812,163,3810,0,1,2
3813,110,3811,0,1,2
3814,192,3812,0,1,2
3815,161,3813,0,1,2
3816,190,3814,0,1,2
3817,197,3815,0,1,2
3818,111,3816,0,1,2
3819,128,3817,0,1,2
3820,110,3818,0,1,2
3821,122,3819,0,1,2
3822,155,3820,0,1,2
3823,110,3821,0,1,2
3824,155,3822,0,1,2
3825,111,3823,0,1,2
3826,125,3824,0,1,2
3827,168,3825,0,1,2
3828,6,3826,0,1,2
3829,111,3827,0,1,2
3830,123,3828,0,1,2
3831,148,3829,0,1,2
3832,190,3830,0,1,2
3833,111,3831,0,1,2
3834,123,3832,0,1,2
3835,147,3833,0,1,2
3836,164,3834,0,1,2
3837,111,3835,0,1,2
3838,115,3836,0,1,2
3839,168,3837,0,1,2
3840,184,3838,0,1,2
3841,112,3839,0,1,2
3842,164,3840,0,1,2
3843,169,3841,0,1,2
3844,189,3842,0,1,2
3845,112,3843,0,1,2
3846,125,3844,0,1,2
3847,165,3845,0,1,2
3848,169,3846,0,1,2
3849,112,3847,0,1,2
3850,113,3848,0,1,2
3851,123,3849,0,1,2
3852,170,3850,0,1,2
3853,112,3851,0,1,2
3854,116,3852,0,1,2
3855,148,3853,0,1,2
3856,185,3854,0,1,2
3857,113,3855,0,1,2
3858,165,3856,0,1,2
3859,188,3857,0,1,2
3860,196,3858,0,1,2
3861,113,3859,0,1,2
3862,116,3860,0,1,2
3863,196,3861,0,1,2
3864,113,3862,0,1,2
3865,121,3863,0,1,2
3866,6,3864,0,1,2
3867,189,3865,0,1,2
3868,113,3866,0,1,2
3869,121,3867,0,1,2
3870,165,3868,0,1,2
3871,114,3869,0,1,2
3872,142,3870,0,1,2
3873,177,3871,0,1,2
3874,191,3872,0,1,2
3875,114,3873,0,1,2
3876,141,3874,0,1,2
3877,179,3875,0,1,2
3878,191,3876,0,1,2
3879,115,3877,0,1,2
3880,124,3878,0,1,2
3881,157,3879,0,1,2
3882,160,3880,0,1,2
3883,115,3881,0,1,2
3884,126,3882,0,1,2
3885,6,3883,0,1,2
3886,189,3884,0,1,2
3887,115,3885,0,1,2
3888,130,3886,0,1,2
3889,166,3887,0,1,2
3890,115,3888,0,1,2
3891,126,3889,0,1,2
3892,165,3890,0,1,2
3893,6,3891,0,1,2
3894,115,3892,0,1,2
3895,124,3893,0,1,2
3896,166,3894,0,1,2
3897,6,3895,0,1,2
3898,115,3896,0,1,2
3899,128,3897,0,1,2
3900,130,3898,0,1,2
3901,116,3899,0,1,2
3902,128,3900,0,1,2
3903,171,3901,0,1,2
3904,116,3902,0,1,2
3905,126,3903,0,1,2
3906,164,3904,0,1,2
3907,170,3905,0,1,2
3908,116,3906,0,1,2
3909,126,3907,0,1,2
3910,164,3908,0,1,2
3911,117,3909,0,1,2
3912,119,3910,0,1,2
3913,163,3911,0,1,2
3914,197,3912,0,1,2
3915,117,3913,0,1,2
3916,126,3914,0,1,2
3917,148,3915,0,1,2
3918,170,3916,0,1,2
3919,117,3917,0,1,2
3920,131,3918,0,1,2
3921,196,3919,0,1,2
3922,117,3920,0,1,2
3923,131,3921,0,1,2
3924,163,3922,0,1,2
3925,119,3923,0,1,2
3926,157,3924,0,1,2
3927,159,3925,0,1,2
3928,119,3926,0,1,2
3929,157,3927,0,1,2
3930,160,3928,0,1,2
3931,197,3929,0,1,2
3932,119,3930,0,1,2
3933,157,3931,0,1,2
3934,196,3932,0,1,2
3935,122,3933,0,1,2
3936,182,3934,0,1,2
3937,190,3935,0,1,2
3938,123,3936,0,1,2
3939,147,3937,0,1,2
3940,170,3938,0,1,2
3941,123,3939,0,1,2
3942,147,3940,0,1,2
3943,165,3941,0,1,2
3944,192,3942,0,1,2
3945,124,3943,0,1,2
3946,164,3944,0,1,2
3947,184,3945,0,1,2
3948,196,3946,0,1,2
3949,125,3947,0,1,2
3950,157,3948,0,1,2
3951,165,3949,0,1,2
3952,168,3950,0,1,2
3953,126,3951,0,1,2
3954,164,3952,0,1,2
3955,169,3953,0,1,2
3956,189,3954,0,1,2
3957,126,3955,0,1,2
3958,165,3956,0,1,2
3959,169,3957,0,1,2
3960,192,3958,0,1,2
3961,127,3959,0,1,2
3962,167,3960,0,1,2
3963,186,3961,0,1,2
3964,127,3962,0,1,2
3965,155,3963,0,1,2
3966,186,3964,0,1,2
3967,127,3965,0,1,2
3968,130,3966,0,1,2
3969,186,3967,0,1,2
3970,127,3968,0,1,2
3971,155,3969,0,1,2
3972,127,3970,0,1,2
3973,167,3971,0,1,2
3974,186,3972,0,1,2
3975,128,3973,0,1,2
3976,130,3974,0,1,2
3977,197,3975,0,1,2
3978,128,3976,0,1,2
3979,167,3977,0,1,2
3980,171,3978,0,1,2
3981,128,3979,0,1,2
3982,167,3980,0,1,2
3983,129,3981,0,1,2
3984,167,3982,0,1,2
3985,171,3983,0,1,2
3986,129,3984,0,1,2
3987,155,3985,0,1,2
3988,171,3986,0,1,2
3989,129,3987,0,1,2
3990,130,3988,0,1,2
3991,171,3989,0,1,2
3992,131,3990,0,1,2
3993,190,3991,0,1,2
3994,131,3992,0,1,2
3995,158,3993,0,1,2
3996,163,3994,0,1,2
3997,135,3995,0,1,2
3998,145,3996,0,1,2
3999,182,3997,0,1,2
4000,137,3998,0,1,2
4001,151,3999,0,1,2
4002,174,4000,0,1,2
4003,194,4001,0,1,2
4004,137,4002,0,1,2
4005,150,4003,0,1,2
4006,172,4004,0,1,2
4007,193,4005,0,1,2
4008,138,4006,0,1,2
4009,152,4007,0,1,2
4010,173,4008,0,1,2
4011,194,4009,0,1,2
4012,198,4010,0,1,2
4013,198,4011,0,1,2
4014,198,4012,0,1,2
4015,198,4013,0,1,2
4016,198,4014,0,1,2
4017,198,4015,0,1,2
4018,198,4016,0,1,2
4019,198,4017,0,1,2
4020,198,4018,0,1,2
4021,198,4019,0,1,2
4022,198,4020,0,1,2
4023,198,4021,0,1,2
4024,198,4022,0,1,2
4025,198,4023,0,1,2
4026,198,4024,0,1,2
4027,198,4025,0,1,2
4028,198,4026,0,1,2
4029,198,4027,0,1,2
4030,198,4028,0,1,2
4031,198,4029,0,1,2
4032,198,4030,0,1,2
4033,198,4031,0,1,2
4034,198,4032,0,1,2
4035,198,4033,0,1,2
4036,198,4034,0,1,2
4037,198,4035,0,1,2
4038,198,4036,0,1,2
4039,198,4037,0,1,2
