course_id, course_code, course_title, course_desc
1,AMU1O,Music, Grade 9, OpenThis course emphasizes the creation and performance of music at a level consistent with previous experience and is aimed at developing technique, sensitivity and imagination. Students will develop musical literacy skills by using the creative and critical analysis processes in composition, performance, and a range of reflective and analytical activities. Students will develop an understanding of the conventions and elements of music and of safe practices related to music and will develop a variety of skills transferable to other areas of their life.
2,AMU2O,Music, Grade 10, OpenThis course emphasizes the creation and performance of music at a level consistent with previous experience. Students will develop musical literacy skills by using the creative and critical analysis processes in composition, performance, and a range of reflective and analytical activities. Students will develop their understanding of musical conventions, practices, and terminology and apply the elements of music in a range of activities. They will also explore the function of music in society with reference to the self, communities and cultures. 
3,AMU3M,Music, Grade 11, University/College PreparationThis course provides students with opportunities to develop their musical literacy through the creation, appreciation, analysis and performance of music including traditional, commercial and art music. Students will apply the creative process when performing appropriate technical exercises and repertoire and will employ the critical analysis processes when reflecting on, responding to, and analysing live and recorded performances. Students will consider the function of music in society and the impact of music on individuals and communities. They will explore how to apply skills developed in music to their life and careers.
4,ICS2O,Introduction to Computer Studies, Grade 10, OpenThis course introduces students to computer programming. Students will plan and write simple computer programs by applying fundamental programming concepts and learn to create clear and maintainable internal documentation. They will also learn to manage a computer by studying hardware configurations, software selection, operating system functions, networking and safe computing practices. Students will also investigate the social impact of computer technologies and develop an understanding of environmental and ethical issues related to the use of computers.
