comment_id, comment
3,testing 1
4,test2
5,test3
6,Creating a caring and safe environment for our students is our top priority.
7,Creating a caring and safe environment for our students is our top priority.
8,Creating a caring and safe environment for our students is our top priority.
9,Creating a caring and safe environment for our students is our top priority.
10,Creating a caring and safe environment for our students is our top priority.
17,Creating a caring and safe environment for our students is our top priority.
30,New Comment
